id,first_name,middle_name,last_name,email,gender,ip_address,test_1,test_2,group_project,individual_assignment
1,Ida,iensor0,Ensor,iensor0@geocities.jp,Female,92.175.169.97,64,47,33,97
2,Marjie,msperling1,Sperling,msperling1@sourceforge.net,Female,38.241.40.196,52,89,25,97
3,Marmaduke,mburling2,Burling,mburling2@rakuten.co.jp,Male,42.252.8.85,55,55,44,100
4,Adorne,afurmedge3,Furmedge,afurmedge3@blogger.com,Female,225.104.182.130,85,80,4,54
5,Helaina,hscreech4,Screech,hscreech4@amazon.co.jp,Female,51.128.54.251,83,83,95,36
6,Darwin,dskein5,Skein,dskein5@slashdot.org,Male,44.114.46.24,47,86,94,53
7,Pepito,ppike6,Pike,ppike6@newyorker.com,Male,239.120.233.12,71,5,48,21
8,Kennith,kfrizzell7,Frizzell,kfrizzell7@a8.net,Male,3.187.108.140,72,69,46,6
9,Reine,rfattorini8,Fattorini,rfattorini8@unesco.org,Female,54.98.73.125,34,74,76,12
10,Kendal,kchazelas9,Chazelas,kchazelas9@mail.ru,Male,23.226.210.31,11,41,94,31
11,Blair,badriaensa,Adriaens,badriaensa@over-blog.com,Male,82.71.148.18,63,3,48,51
12,Lavena,lthurstanb,Thurstan,lthurstanb@photobucket.com,Female,230.154.105.175,76,74,8,25
13,Kamila,kastlec,Astle,kastlec@jigsy.com,Female,102.50.143.97,79,79,22,46
14,Tiphanie,tmilsond,Milson,tmilsond@123-reg.co.uk,Agender,121.204.163.86,72,48,7,47
15,Sammie,ssukbhanse,Sukbhans,ssukbhanse@list-manage.com,Male,220.182.197.24,71,16,50,71
16,Jedidiah,jrisomf,Risom,jrisomf@edublogs.org,Male,189.48.188.235,16,68,37,97
17,Lilllie,lbinyong,Binyon,lbinyong@ezinearticles.com,Female,11.21.160.140,12,12,83,97
18,Cornelia,cdurbanh,Durban,cdurbanh@mapy.cz,Female,222.210.200.142,91,31,60,99
19,Donaugh,dphysicki,Physick,dphysicki@mac.com,Male,78.185.170.168,41,72,18,3
20,Aleda,acopperj,Copper,acopperj@fc2.com,Female,16.171.137.53,27,34,94,9
21,Fayre,fharefootk,Harefoot,fharefootk@whitehouse.gov,Female,43.188.70.28,72,56,50,40
22,Sylas,sgludorl,Gludor,sgludorl@posterous.com,Male,175.120.38.14,12,7,50,89
23,Ali,adennehym,Dennehy,adennehym@dell.com,Polygender,168.80.147.82,35,65,5,72
24,Teodora,tfilochovn,Filochov,tfilochovn@shinystat.com,Female,254.199.60.76,84,15,5,24
25,Henriette,hmooringo,Mooring,hmooringo@domainmarket.com,Female,69.10.138.64,17,60,43,84
26,Skippie,slodwickp,Lodwick,slodwickp@boston.com,Male,145.3.135.127,37,61,13,85
27,Essy,ebleimanq,Bleiman,ebleimanq@dyndns.org,Female,72.40.187.190,26,98,32,72
28,Fayre,fhamonr,Hamon,fhamonr@dmoz.org,Female,117.158.20.102,8,31,98,32
29,Ingunna,istreetons,Streeton,istreetons@google.cn,Female,142.28.244.137,91,32,12,60
30,Lesli,lvolaget,Volage,lvolaget@instagram.com,Agender,118.253.64.133,8,18,74,60
31,Merilyn,mbullicku,Bullick,mbullicku@narod.ru,Female,10.65.86.65,55,7,9,5
32,Kimble,kesilmonv,Esilmon,kesilmonv@ed.gov,Male,169.168.227.139,44,33,59,83
33,Enriqueta,ebossomw,Bossom,ebossomw@usda.gov,Female,85.216.196.152,83,92,93,20
34,Hally,hpopleex,Poplee,hpopleex@domainmarket.com,Female,69.71.36.58,68,74,10,57
35,Rollo,rsoppetty,Soppett,rsoppetty@xinhuanet.com,Male,229.211.63.128,41,67,94,11
36,Lisbeth,lianizziz,Ianizzi,lianizziz@examiner.com,Female,216.252.210.30,59,88,12,84
37,Joceline,jpettingill10,Pettingill,jpettingill10@jiathis.com,Female,65.45.81.129,27,21,33,89
38,Byrann,bvonderempten11,Von Der Empten,bvonderempten11@google.co.jp,Male,88.92.32.220,36,44,19,21
39,Jobye,jetteridge12,Etteridge,jetteridge12@google.it,Genderqueer,106.103.154.174,9,42,43,61
40,Beltran,bjurs13,Jurs,bjurs13@reference.com,Male,1.142.57.41,70,60,44,44
41,Loise,lkubiczek14,Kubiczek,lkubiczek14@biblegateway.com,Female,197.45.85.187,8,88,42,13
42,Lonnard,lcaplan15,Caplan,lcaplan15@technorati.com,Male,156.172.192.120,80,49,46,96
43,Rhodie,rgaddas16,Gaddas,rgaddas16@nyu.edu,Female,58.182.3.246,60,87,39,61
44,Anthe,abeiderbecke17,Beiderbecke,abeiderbecke17@tiny.cc,Female,60.1.246.32,25,35,33,7
45,Sari,sravenhill18,Ravenhill,sravenhill18@geocities.jp,Female,123.110.209.148,94,28,54,5
46,Jarvis,jbrandi19,Brandi,jbrandi19@amazon.de,Male,28.52.65.20,47,3,77,67
47,Louise,lthrustle1a,Thrustle,lthrustle1a@cnbc.com,Female,23.240.90.220,13,48,66,37
48,Barbey,bspaducci1b,Spaducci,bspaducci1b@issuu.com,Female,182.87.254.72,61,56,71,68
49,Margaretta,mwhear1c,Whear,mwhear1c@paypal.com,Bigender,172.167.96.26,97,83,96,94
50,Dawn,dmafham1d,Mafham,dmafham1d@samsung.com,Bigender,67.117.235.92,35,33,81,93
51,Agata,aconibear1e,Conibear,aconibear1e@scribd.com,Female,255.149.26.128,31,66,100,86
52,Tremain,tkincade1f,Kincade,tkincade1f@tripadvisor.com,Male,207.96.105.197,4,18,61,99
53,Madeleine,mjillings1g,Jillings,mjillings1g@eventbrite.com,Female,197.6.51.239,80,48,12,19
54,Danika,dclementson1h,Clementson,dclementson1h@ca.gov,Genderfluid,234.73.53.139,44,28,9,77
55,Marlin,mwoodcock1i,Woodcock,mwoodcock1i@ted.com,Male,248.173.15.179,26,4,36,8
56,Erin,epreon1j,Preon,epreon1j@last.fm,Female,30.102.13.254,99,41,93,74
57,Clywd,calven1k,Alven,calven1k@patch.com,Male,56.241.154.93,83,100,42,57
58,Ulick,ubottini1l,Bottini,ubottini1l@sphinn.com,Male,217.154.253.42,88,42,35,40
59,Christabella,cguyonneau1m,Guyonneau,cguyonneau1m@github.io,Female,241.54.214.161,35,63,58,5
60,Orlando,odurdle1n,Durdle,odurdle1n@edublogs.org,Male,63.53.28.230,46,53,40,4
61,Fiann,froyce1o,Royce,froyce1o@constantcontact.com,Female,123.60.168.102,75,98,82,46
62,Donna,dwitham1p,Witham,dwitham1p@shutterfly.com,Female,9.26.121.36,81,67,21,54
63,Cahra,cfeige1q,Feige,cfeige1q@independent.co.uk,Female,64.3.240.58,94,72,50,29
64,May,mreolfo1r,Reolfo,mreolfo1r@mail.ru,Female,174.138.90.125,71,41,66,58
65,Blithe,bpiddlehinton1s,Piddlehinton,bpiddlehinton1s@feedburner.com,Female,230.4.168.173,64,91,31,65
66,Hamel,hdavage1t,Davage,hdavage1t@yelp.com,Male,127.200.173.181,76,91,27,26
67,Rosalia,rcamelli1u,Camelli,rcamelli1u@twitter.com,Female,159.83.4.129,82,75,84,11
68,Estevan,eiacovazzi1v,Iacovazzi,eiacovazzi1v@slate.com,Male,122.46.172.60,52,42,22,88
69,Aurie,aotto1w,Otto,aotto1w@smugmug.com,Female,194.190.145.146,27,72,59,91
70,Jerrie,jtale1x,Tale,jtale1x@nsw.gov.au,Male,217.112.115.55,75,35,91,30
71,Minette,msallinger1y,Sallinger,msallinger1y@ucla.edu,Female,55.117.206.218,24,19,65,92
72,Ranee,rszymoni1z,Szymoni,rszymoni1z@sitemeter.com,Female,74.168.20.195,20,30,39,79
73,Dev,dzanettini20,Zanettini,dzanettini20@1und1.de,Male,249.89.200.41,100,80,85,92
74,Emilee,egrandisson21,Grandisson,egrandisson21@tinypic.com,Female,128.88.158.19,22,50,39,66
75,Cristie,ctomkys22,Tomkys,ctomkys22@engadget.com,Female,91.2.120.41,47,83,39,49
76,Selestina,stolle23,Tolle,stolle23@ox.ac.uk,Female,188.187.87.183,23,51,90,59
77,Charity,cbuxsey24,Buxsey,cbuxsey24@paginegialle.it,Female,44.59.41.119,65,53,66,81
78,Bryan,bhoworth25,Howorth,bhoworth25@businessweek.com,Male,167.165.9.109,42,33,92,65
79,Buddy,bcockton26,Cockton,bcockton26@earthlink.net,Male,0.151.89.4,72,82,44,43
80,Bruis,boverbury27,Overbury,boverbury27@i2i.jp,Male,253.204.93.189,76,69,77,77
81,Ingeberg,irevitt28,Revitt,irevitt28@hud.gov,Female,61.124.87.32,36,53,95,19
82,Thorndike,tkonke29,Konke,tkonke29@nature.com,Male,120.230.231.201,3,58,17,90
83,Dennet,dmccurtin2a,McCurtin,dmccurtin2a@indiatimes.com,Male,27.113.56.23,37,86,9,86
84,Oralle,ojansik2b,Jansik,ojansik2b@reverbnation.com,Genderqueer,177.53.205.254,80,27,75,49
85,Anton,asteutly2c,Steutly,asteutly2c@cisco.com,Male,106.236.49.156,26,7,28,22
86,Rosalind,rthripp2d,Thripp,rthripp2d@typepad.com,Female,25.138.53.97,1,21,38,11
87,Lemuel,lhasely2e,Hasely,lhasely2e@fema.gov,Male,145.74.159.70,65,87,16,33
88,Rorie,rbellas2f,Bellas,rbellas2f@redcross.org,Female,211.36.242.31,91,80,1,34
89,Ashleigh,amcmenamin2g,Mc Menamin,amcmenamin2g@springer.com,Female,21.142.151.51,14,52,72,55
90,Hermy,hsacher2h,Sacher,hsacher2h@uiuc.edu,Male,79.230.151.248,11,87,93,20
91,Ashlin,acapron2i,Capron,acapron2i@ucoz.com,Male,140.30.119.204,86,69,87,69
92,Zulema,zanstey2j,Anstey,zanstey2j@homestead.com,Female,155.2.119.133,37,71,55,68
93,Bradan,bwallentin2k,Wallentin,bwallentin2k@telegraph.co.uk,Male,188.66.173.62,43,93,8,75
94,Ericha,etomczykowski2l,Tomczykowski,etomczykowski2l@domainmarket.com,Female,203.20.38.220,76,3,93,21
95,Deina,dhavis2m,Havis,dhavis2m@feedburner.com,Female,75.243.48.113,9,92,34,97
96,Godiva,gdellatorre2n,Dellatorre,gdellatorre2n@hao123.com,Female,186.246.107.109,65,51,41,64
97,Erena,emcnamara2o,McNamara,emcnamara2o@ycombinator.com,Female,42.93.134.255,1,13,59,64
98,Cody,cmarousek2p,Marousek,cmarousek2p@fotki.com,Male,143.37.228.88,55,5,12,99
99,Aymer,ahelliar2q,Helliar,ahelliar2q@howstuffworks.com,Male,175.55.8.223,94,50,23,13
100,Smith,sterrey2r,Terrey,sterrey2r@blog.com,Male,69.132.42.62,90,10,21,100
101,Boyce,boliveras2s,Oliveras,boliveras2s@pcworld.com,Male,128.2.240.17,85,55,10,7
102,Lou,ltrusse2t,Trusse,ltrusse2t@ca.gov,Male,111.71.5.114,59,6,73,69
103,Serene,sboam2u,Boam,sboam2u@phoca.cz,Female,231.241.229.148,99,84,65,92
104,Dun,dpasso2v,Passo,dpasso2v@myspace.com,Male,111.122.35.61,83,85,87,68
105,Micaela,mgavigan2w,Gavigan,mgavigan2w@scientificamerican.com,Female,52.108.73.238,94,63,2,57
106,Merwin,mlivingston2x,Livingston,mlivingston2x@timesonline.co.uk,Male,219.75.136.125,72,62,68,61
107,Brooks,badamczyk2y,Adamczyk,badamczyk2y@china.com.cn,Male,236.44.41.95,22,3,8,42
108,Demetre,dsuttle2z,Suttle,dsuttle2z@ustream.tv,Male,255.136.161.216,57,41,77,65
109,Elias,eblasik30,Blasik,eblasik30@moonfruit.com,Male,94.8.187.147,82,21,34,69
110,Neale,nboatman31,Boatman,nboatman31@bbb.org,Male,66.29.174.241,40,39,56,55
111,Vern,vsarll32,Sarll,vsarll32@indiatimes.com,Male,52.24.187.0,81,71,88,98
112,Andie,amountney33,Mountney,amountney33@businesswire.com,Male,38.25.107.229,61,95,19,96
113,Janos,jtwede34,Twede,jtwede34@indiatimes.com,Male,48.77.53.82,79,3,57,44
114,Kilian,kponsford35,Ponsford,kponsford35@huffingtonpost.com,Male,4.228.210.144,91,60,98,4
115,Stephanus,skopisch36,Kopisch,skopisch36@bravesites.com,Male,168.166.67.228,87,31,26,25
116,Carine,cluna37,Luna,cluna37@msn.com,Female,92.41.208.50,47,34,96,48
117,Colby,cvayro38,Vayro,cvayro38@ning.com,Male,236.238.210.50,5,24,2,51
118,Maud,mgalloway39,Galloway,mgalloway39@youtu.be,Female,203.134.171.175,34,21,78,6
119,Goldia,gswiffen3a,Swiffen,gswiffen3a@scientificamerican.com,Female,34.149.167.59,59,90,82,29
120,Janice,jminihan3b,Minihan,jminihan3b@timesonline.co.uk,Female,222.199.91.75,81,83,3,15
121,Oren,opioli3c,Pioli,opioli3c@newsvine.com,Male,248.143.42.54,39,57,68,85
122,Gabi,ggoudie3d,Goudie,ggoudie3d@bloglines.com,Female,182.116.228.141,90,41,69,97
123,Lonee,ldelahunty3e,Delahunty,ldelahunty3e@dailymail.co.uk,Female,159.162.64.139,7,37,54,16
124,Jermaine,jebben3f,Ebben,jebben3f@pbs.org,Non-binary,167.13.184.125,35,37,50,59
125,Vernon,vivshin3g,Ivshin,vivshin3g@sciencedirect.com,Male,30.84.202.18,10,18,61,55
126,Ailis,asprigging3h,Sprigging,asprigging3h@usa.gov,Female,244.45.87.20,25,75,100,86
127,Ronni,rtommasetti3i,Tommasetti,rtommasetti3i@usda.gov,Female,136.77.105.237,17,95,52,9
128,Tammy,tmedcalf3j,Medcalf,tmedcalf3j@globo.com,Genderfluid,77.170.12.67,51,30,82,50
129,Jere,jstorer3k,Storer,jstorer3k@dagondesign.com,Genderfluid,22.175.21.205,97,91,67,98
130,Arleyne,amacturlough3l,MacTurlough,amacturlough3l@va.gov,Female,37.201.117.198,40,97,74,50
131,Marlo,mfaircloth3m,Faircloth,mfaircloth3m@usa.gov,Male,4.137.119.59,40,75,65,80
132,Erda,ekirkbride3n,Kirkbride,ekirkbride3n@digg.com,Female,66.40.83.103,51,95,44,73
133,Harlan,hbuddock3o,Buddock,hbuddock3o@dagondesign.com,Male,164.102.176.80,64,15,29,15
134,Marylynne,mvasechkin3p,Vasechkin,mvasechkin3p@joomla.org,Female,0.175.66.108,31,35,22,69
135,Annabella,apring3q,Pring,apring3q@mapquest.com,Female,120.85.7.68,10,57,96,35
136,Edy,educkfield3r,Duckfield,educkfield3r@vinaora.com,Female,10.154.214.182,33,85,16,14
137,Maynord,mhalgarth3s,Halgarth,mhalgarth3s@timesonline.co.uk,Male,255.62.211.89,40,24,58,53
138,Arlana,aappleton3t,Appleton,aappleton3t@desdev.cn,Non-binary,140.223.160.101,90,2,92,92
139,Janis,jconquer3u,Conquer,jconquer3u@va.gov,Female,157.127.94.154,61,80,63,37
140,Claribel,cbleythin3v,Bleythin,cbleythin3v@opera.com,Female,239.21.116.165,17,43,40,57
141,Brendan,bmar3w,Mar,bmar3w@ucla.edu,Male,185.228.226.83,48,82,91,41
142,Wald,wcampione3x,Campione,wcampione3x@psu.edu,Male,94.172.242.3,85,51,19,91
143,Clem,cjahnig3y,Jahnig,cjahnig3y@columbia.edu,Female,132.239.6.211,39,48,85,18
144,Bridie,bleist3z,Leist,bleist3z@yale.edu,Female,141.255.203.30,46,79,8,71
145,Bernette,bloody40,Loody,bloody40@berkeley.edu,Female,29.71.84.131,27,78,47,28
146,Margot,mstonham41,Stonham,mstonham41@soundcloud.com,Female,1.174.193.118,82,84,63,17
147,Moselle,mhastewell42,Hastewell,mhastewell42@buzzfeed.com,Female,39.80.237.152,66,55,7,67
148,Kennedy,ksurman43,Surman,ksurman43@tuttocitta.it,Male,232.85.71.222,37,47,97,71
149,Rorke,rbillington44,Billington,rbillington44@simplemachines.org,Male,135.223.143.22,5,5,95,21
150,Tanhya,tgertz45,Gertz,tgertz45@phoca.cz,Female,145.179.142.133,33,36,10,27
151,Jamesy,jhaeslier46,Haeslier,jhaeslier46@eventbrite.com,Male,125.57.81.35,66,25,5,16
152,Bennie,bmcgrill47,McGrill,bmcgrill47@auda.org.au,Genderfluid,5.157.207.111,61,78,84,57
153,Cara,curen48,Uren,curen48@patch.com,Female,26.213.9.220,5,71,71,66
154,Oliver,omallinson49,Mallinson,omallinson49@mozilla.com,Male,21.144.97.242,94,69,9,79
155,Kittie,kruselin4a,Ruselin,kruselin4a@weebly.com,Non-binary,233.23.199.11,4,64,81,9
156,Eleonora,eclayson4b,Clayson,eclayson4b@chicagotribune.com,Bigender,215.84.139.253,18,94,34,38
157,Jamesy,jlyngsted4c,Lyngsted,jlyngsted4c@nasa.gov,Male,83.238.63.212,80,81,93,56
158,Fancie,fwillatts4d,Willatts,fwillatts4d@macromedia.com,Female,64.248.169.111,16,39,38,91
159,Ramsey,relcom4e,Elcom,relcom4e@state.gov,Male,50.201.127.77,99,31,65,25
160,Rubi,rbisley4f,Bisley,rbisley4f@yellowbook.com,Female,251.241.16.54,34,92,22,70
161,Fernanda,fgresham4g,Gresham,fgresham4g@admin.ch,Female,190.163.94.183,34,65,14,6
162,Bradan,bbeckwith4h,Beckwith,bbeckwith4h@army.mil,Male,179.110.189.47,97,98,37,39
163,Sephira,sjakobsson4i,Jakobsson,sjakobsson4i@zimbio.com,Female,71.132.130.254,6,43,26,24
164,Micheil,mbesantie4j,Besantie,mbesantie4j@salon.com,Male,245.199.194.80,92,31,20,39
165,Walden,worring4k,Orring,worring4k@goodreads.com,Male,39.27.218.166,6,17,3,33
166,Margarita,mblackden4l,Blackden,mblackden4l@mapquest.com,Bigender,108.251.66.74,35,32,62,96
167,Claribel,carends4m,Arends,carends4m@unblog.fr,Polygender,53.96.166.49,49,60,48,20
168,Michele,mclemenza4n,Clemenza,mclemenza4n@instagram.com,Female,144.3.246.61,96,74,36,44
169,Tobiah,tlello4o,Lello,tlello4o@si.edu,Male,33.91.199.52,21,46,44,79
170,Rozamond,rcaston4p,Caston,rcaston4p@wix.com,Female,34.144.32.52,93,42,18,74
171,Ignace,ibrooksbank4q,Brooksbank,ibrooksbank4q@cornell.edu,Male,47.90.102.113,12,18,20,68
172,Rudiger,rsisson4r,Sisson,rsisson4r@soundcloud.com,Male,53.233.190.93,35,97,94,11
173,Urson,umatteuzzi4s,Matteuzzi,umatteuzzi4s@networkadvertising.org,Male,114.212.66.107,23,3,58,75
174,Conrado,csurgeoner4t,Surgeoner,csurgeoner4t@dmoz.org,Male,186.1.84.78,52,29,68,63
175,Lorna,ldunhill4u,Dunhill,ldunhill4u@dion.ne.jp,Female,38.32.225.233,46,66,66,4
176,Starla,sbirdsall4v,Birdsall,sbirdsall4v@earthlink.net,Genderqueer,111.118.93.17,16,77,63,52
177,Wiatt,wdownie4w,Downie,wdownie4w@cam.ac.uk,Male,201.116.200.232,50,61,70,6
178,Nanny,nloveguard4x,Loveguard,nloveguard4x@statcounter.com,Female,45.154.213.137,60,32,11,89
179,Seamus,swarboy4y,Warboy,swarboy4y@businesswire.com,Male,104.11.40.115,98,39,46,40
180,Ibbie,imcaulay4z,McAulay,imcaulay4z@foxnews.com,Bigender,197.113.72.16,88,31,95,45
181,Rosamund,rvanns50,Vanns,rvanns50@salon.com,Female,238.227.24.233,11,33,59,51
182,Dena,dpostans51,Postans,dpostans51@linkedin.com,Female,92.203.18.76,41,82,87,22
183,Marline,mstradling52,Stradling,mstradling52@delicious.com,Female,208.151.229.105,19,96,96,9
184,Washington,wkeeves53,Keeves,wkeeves53@cdc.gov,Male,191.180.119.190,12,27,93,14
185,Hyman,hbeernaert54,Beernaert,hbeernaert54@google.ca,Male,119.168.146.79,24,38,12,61
186,Granville,geaddy55,Eaddy,geaddy55@nyu.edu,Male,36.73.43.214,66,43,77,83
187,Grover,glavallin56,Lavallin,glavallin56@github.io,Male,245.90.22.30,83,15,89,45
188,Chev,chunnywell57,Hunnywell,chunnywell57@exblog.jp,Male,14.230.4.110,79,43,42,91
189,Joann,jjennaroy58,Jennaroy,jjennaroy58@ovh.net,Female,6.61.163.46,61,32,87,77
190,Corilla,cdusting59,Dusting,cdusting59@canalblog.com,Female,182.243.58.159,17,22,21,11
191,Frazier,fhandy5a,Handy,fhandy5a@yale.edu,Male,108.106.177.38,97,12,59,89
192,Cece,ccasement5b,Casement,ccasement5b@domainmarket.com,Male,172.126.202.30,15,38,58,11
193,Roseanna,rcliff5c,Cliff,rcliff5c@acquirethisname.com,Female,210.73.5.233,40,97,69,80
194,Sholom,skopisch5d,Kopisch,skopisch5d@cam.ac.uk,Male,26.55.134.30,93,37,46,75
195,Shalom,sraiment5e,Raiment,sraiment5e@hc360.com,Male,142.139.13.185,41,41,23,7
196,Addie,areckless5f,Reckless,areckless5f@phoca.cz,Female,181.26.14.228,59,88,15,43
197,Frederic,fthomlinson5g,Thomlinson,fthomlinson5g@nationalgeographic.com,Male,196.136.131.159,98,44,62,83
198,Gaye,ggiblett5h,Giblett,ggiblett5h@clickbank.net,Female,82.55.249.43,50,44,73,70
199,Sonnie,stindall5i,Tindall,stindall5i@multiply.com,Female,238.253.125.118,1,94,82,44
200,Gilbertina,gboord5j,Boord,gboord5j@blogger.com,Female,241.52.209.215,97,62,34,78
201,Vonni,vkinloch5k,Kinloch,vkinloch5k@sohu.com,Female,77.231.77.223,71,21,16,1
202,Amalia,achurn5l,Churn,achurn5l@wp.com,Female,32.137.25.15,28,22,59,96
203,Emmott,ecosbee5m,Cosbee,ecosbee5m@army.mil,Male,181.163.244.73,16,61,84,75
204,Cinnamon,cpossell5n,Possell,cpossell5n@paginegialle.it,Female,144.152.0.179,29,45,41,96
205,Andrus,afireman5o,Fireman,afireman5o@utexas.edu,Male,34.145.203.218,27,51,42,39
206,Marya,mlangstone5p,Langstone,mlangstone5p@miitbeian.gov.cn,Female,186.188.91.51,33,41,95,31
207,Jesse,jayling5q,Ayling,jayling5q@irs.gov,Female,230.130.17.77,71,56,78,91
208,Keeley,kandrivel5r,Andrivel,kandrivel5r@washingtonpost.com,Female,187.124.133.120,48,72,70,87
209,Archibold,acodeman5s,Codeman,acodeman5s@bloomberg.com,Male,119.222.62.86,59,53,34,97
210,Garald,gthirst5t,Thirst,gthirst5t@theatlantic.com,Male,98.66.81.46,61,72,87,76
211,Gabie,gwallace5u,Wallace,gwallace5u@so-net.ne.jp,Agender,223.21.216.246,10,34,75,65
212,Fernando,fpipworth5v,Pipworth,fpipworth5v@jimdo.com,Male,168.44.129.252,32,6,24,84
213,Renell,rhatherall5w,Hatherall,rhatherall5w@quantcast.com,Female,35.249.26.188,20,49,41,1
214,Vivianna,vburk5x,Burk,vburk5x@newsvine.com,Female,75.179.112.196,53,85,82,80
215,Valaree,vmcgibbon5y,McGibbon,vmcgibbon5y@china.com.cn,Female,170.213.242.130,1,45,63,42
216,Ashlan,astuchburie5z,Stuchburie,astuchburie5z@ebay.com,Female,140.115.253.207,83,65,38,99
217,Kathrine,kgoodings60,Goodings,kgoodings60@newyorker.com,Female,12.59.7.200,57,30,41,40
218,Nealy,nguntrip61,Guntrip,nguntrip61@yahoo.com,Male,142.83.190.132,86,36,80,98
219,Kristopher,kcourtois62,Courtois,kcourtois62@sbwire.com,Male,103.219.197.79,37,60,94,4
220,Ellsworth,ecolliber63,Colliber,ecolliber63@noaa.gov,Polygender,1.227.73.129,48,92,97,95
221,Bertrand,bfairfoot64,Fairfoot,bfairfoot64@google.es,Male,129.71.116.28,100,97,72,96
222,Augustin,anevet65,Nevet,anevet65@yahoo.com,Non-binary,161.166.15.240,40,11,69,39
223,Kippie,kdrioli66,Drioli,kdrioli66@google.ru,Female,121.9.20.67,9,69,87,30
224,Alexis,aperkins67,Perkins,aperkins67@i2i.jp,Male,77.230.138.208,15,6,20,95
225,Aristotle,awillets68,Willets,awillets68@oracle.com,Male,139.74.131.204,1,24,37,7
226,Jonas,jgilvear69,Gilvear,jgilvear69@icio.us,Male,196.112.134.76,49,79,66,99
227,Melvin,mpauncefort6a,Pauncefort,mpauncefort6a@vinaora.com,Male,215.22.90.146,78,12,56,23
228,Dana,dcaslin6b,Caslin,dcaslin6b@tuttocitta.it,Female,110.63.77.160,1,85,2,17
229,Thelma,tbessom6c,Bessom,tbessom6c@devhub.com,Female,103.252.217.57,77,2,92,78
230,Junette,jspeight6d,Speight,jspeight6d@shop-pro.jp,Female,176.93.195.68,94,13,63,41
231,Crawford,cbiernacki6e,Biernacki,cbiernacki6e@patch.com,Male,204.201.37.103,32,27,30,54
232,Trumann,tchestnutt6f,Chestnutt,tchestnutt6f@blinklist.com,Male,161.194.183.8,27,70,41,45
233,Evy,eakess6g,Akess,eakess6g@thetimes.co.uk,Agender,201.73.75.88,8,28,3,11
234,Van,vabernethy6h,Abernethy,vabernethy6h@alexa.com,Male,9.226.47.231,84,81,77,36
235,Rogers,rsainsberry6i,Sainsberry,rsainsberry6i@telegraph.co.uk,Male,41.114.1.222,93,8,85,42
236,Winona,wtregidga6j,Tregidga,wtregidga6j@netvibes.com,Female,245.65.110.222,13,54,17,10
237,Fredelia,fmccarle6k,McCarle,fmccarle6k@telegraph.co.uk,Female,40.63.206.253,52,93,61,40
238,Fergus,fchilderhouse6l,Childerhouse,fchilderhouse6l@cam.ac.uk,Male,77.91.169.51,26,41,78,3
239,Aileen,ashallow6m,Shallow,ashallow6m@icio.us,Female,252.81.58.248,4,59,1,83
240,Bianca,bgrinyer6n,Grinyer,bgrinyer6n@japanpost.jp,Female,44.89.206.31,18,33,32,96
241,Sashenka,swingatt6o,Wingatt,swingatt6o@slashdot.org,Female,153.114.154.165,44,77,48,7
242,Estrellita,egurry6p,Gurry,egurry6p@g.co,Female,10.222.199.22,26,90,46,60
243,Suellen,sboath6q,Boath,sboath6q@phpbb.com,Female,199.226.21.37,43,23,23,3
244,Inesita,iborles6r,Borles,iborles6r@businessweek.com,Female,253.162.248.30,51,61,48,34
245,Laurice,lhudd6s,Hudd,lhudd6s@dot.gov,Female,142.102.6.4,74,1,94,13
246,Bobette,bithell6t,Ithell,bithell6t@marriott.com,Bigender,33.86.175.73,34,24,51,76
247,Poul,pmarcus6u,Marcus,pmarcus6u@alexa.com,Male,226.208.70.27,5,25,5,87
248,Shepard,sputt6v,Putt,sputt6v@dell.com,Bigender,209.135.23.68,81,22,51,44
249,Hans,hwardesworth6w,Wardesworth,hwardesworth6w@cnet.com,Male,106.228.232.187,50,44,91,1
250,Carrol,cbowness6x,Bowness,cbowness6x@google.com.au,Male,38.23.65.65,76,42,45,86
251,Aeriel,ablampied6y,Blampied,ablampied6y@alexa.com,Female,119.185.240.134,57,3,27,40
252,Michael,mdykins6z,Dykins,mdykins6z@multiply.com,Bigender,240.225.167.14,34,47,99,31
253,Octavia,opilbury70,Pilbury,opilbury70@eepurl.com,Female,172.33.75.80,31,97,97,52
254,Sydney,smincini71,Mincini,smincini71@hud.gov,Male,106.127.123.1,7,5,74,9
255,Ulrica,uriddle72,Riddle,uriddle72@cam.ac.uk,Female,163.67.182.168,36,51,53,6
256,Cyrus,cpeascod73,Peascod,cpeascod73@woothemes.com,Male,8.0.118.106,84,97,36,11
257,Fletcher,fponder74,Ponder,fponder74@friendfeed.com,Male,110.77.239.188,68,26,91,37
258,Lonee,ltyrrell75,Tyrrell,ltyrrell75@parallels.com,Female,223.117.77.46,20,15,63,74
259,Tye,tcopestick76,Copestick,tcopestick76@hp.com,Male,6.100.20.74,19,98,58,95
260,Etheline,ehitschke77,Hitschke,ehitschke77@bbc.co.uk,Female,229.121.52.60,9,20,18,75
261,Roi,rbadcock78,Badcock,rbadcock78@wp.com,Male,234.252.214.98,7,87,59,51
262,Ermanno,emorillas79,Morillas,emorillas79@123-reg.co.uk,Male,78.207.22.166,84,45,40,26
263,Pembroke,pgepheart7a,Gepheart,pgepheart7a@wikia.com,Male,195.89.0.192,33,46,3,98
264,Clarice,culrik7b,Ulrik,culrik7b@msn.com,Female,16.182.7.238,84,55,14,41
265,Blondell,bkhotler7c,Khotler,bkhotler7c@discuz.net,Female,107.147.141.75,60,68,94,90
266,Guillaume,ghallifax7d,Hallifax,ghallifax7d@cbc.ca,Male,35.189.39.209,45,30,22,48
267,Esta,ekleewein7e,Kleewein,ekleewein7e@prnewswire.com,Female,227.96.233.131,88,9,26,94
268,Emanuele,egomersall7f,Gomersall,egomersall7f@nifty.com,Male,35.209.186.232,79,8,13,31
269,Enos,ecaisley7g,Caisley,ecaisley7g@yelp.com,Male,43.131.76.18,68,3,56,2
270,Romain,rburfield7h,Burfield,rburfield7h@photobucket.com,Male,41.250.125.52,53,67,18,22
271,Melita,mrichens7i,Richens,mrichens7i@google.co.uk,Female,122.24.222.251,64,89,96,93
272,Bradford,brousby7j,Rousby,brousby7j@latimes.com,Male,97.57.240.127,72,50,81,82
273,Rosette,rpack7k,Pack,rpack7k@artisteer.com,Agender,186.18.103.233,31,92,99,60
274,Livy,llathan7l,Lathan,llathan7l@digg.com,Female,53.146.118.14,99,53,58,17
275,Rancell,rellingford7m,Ellingford,rellingford7m@guardian.co.uk,Male,113.8.188.129,44,84,62,43
276,Nari,nquarles7n,Quarles,nquarles7n@ow.ly,Female,198.250.77.105,40,57,80,63
277,Urson,ufranzoli7o,Franzoli,ufranzoli7o@usgs.gov,Male,177.22.124.119,16,68,46,43
278,Ondrea,owrack7p,Wrack,owrack7p@feedburner.com,Female,31.52.216.28,76,76,1,87
279,Devinne,darcher7q,Archer,darcher7q@stanford.edu,Female,7.20.174.68,79,51,78,24
280,Nicholle,ncallis7r,Callis,ncallis7r@studiopress.com,Female,99.65.145.35,75,22,79,52
281,Sanford,spilipyak7s,Pilipyak,spilipyak7s@miibeian.gov.cn,Male,201.65.203.33,81,45,55,45
282,Gordon,gheindle7t,Heindle,gheindle7t@slideshare.net,Male,99.9.174.201,98,3,10,54
283,Evangeline,echitson7u,Chitson,echitson7u@wikimedia.org,Female,127.77.84.120,9,78,71,98
284,Hobard,hdinwoodie7v,Dinwoodie,hdinwoodie7v@bbb.org,Male,229.127.147.116,70,86,68,71
285,Findlay,fmundie7w,Mundie,fmundie7w@hexun.com,Male,72.83.146.213,60,77,53,7
286,Tasia,tblues7x,Blues,tblues7x@edublogs.org,Female,73.191.141.244,100,73,19,61
287,Zoe,zhagyard7y,Hagyard,zhagyard7y@vistaprint.com,Genderfluid,221.56.201.183,81,40,35,79
288,Carmina,cspickett7z,Spickett,cspickett7z@cdbaby.com,Female,37.38.176.199,43,89,82,81
289,Tedi,tsneath80,Sneath,tsneath80@ox.ac.uk,Female,20.166.235.85,48,90,80,66
290,Lynnette,lwatling81,Watling,lwatling81@europa.eu,Female,190.243.108.201,14,75,98,97
291,Clary,cgiacobbinijacob82,GiacobbiniJacob,cgiacobbinijacob82@squarespace.com,Female,27.188.101.108,80,5,24,92
292,Rosalynd,rmacgiolla83,MacGiolla,rmacgiolla83@people.com.cn,Female,9.121.190.143,74,97,87,44
293,Clarke,clewcock84,Lewcock,clewcock84@sogou.com,Male,66.244.82.38,47,98,21,19
294,Veronica,vdilon85,Dilon,vdilon85@feedburner.com,Female,166.224.194.250,15,95,63,35
295,Robyn,rgouldthorpe86,Gouldthorpe,rgouldthorpe86@usatoday.com,Female,167.0.71.69,18,100,68,45
296,Llywellyn,lmuge87,Muge,lmuge87@ca.gov,Male,78.195.248.237,86,84,17,16
297,Chen,clecornu88,Le Cornu,clecornu88@mtv.com,Male,103.5.197.20,8,73,88,75
298,Queenie,qwyley89,Wyley,qwyley89@goo.gl,Female,45.63.17.221,17,22,3,51
299,Sid,snickell8a,Nickell,snickell8a@tripod.com,Male,206.194.231.183,30,89,71,41
300,Thurston,tfullegar8b,Fullegar,tfullegar8b@desdev.cn,Male,104.120.6.188,95,33,18,82
301,Zenia,zsolomonides8c,Solomonides,zsolomonides8c@google.fr,Female,118.22.133.107,27,77,18,87
302,Chrisy,clochead8d,Lochead,clochead8d@bizjournals.com,Male,58.212.225.8,90,57,80,47
303,Leopold,lsawrey8e,Sawrey,lsawrey8e@baidu.com,Male,133.60.131.193,26,30,28,1
304,Alexander,achurchouse8f,Churchouse,achurchouse8f@sun.com,Male,31.213.99.78,72,83,84,77
305,Garek,gcrowcroft8g,Crowcroft,gcrowcroft8g@goo.ne.jp,Male,240.46.95.38,63,11,76,68
306,Zeb,zmatiebe8h,Matiebe,zmatiebe8h@examiner.com,Male,60.99.109.241,4,100,30,87
307,Mandy,mdury8i,Dury,mdury8i@time.com,Female,252.111.117.90,55,71,89,19
308,Ives,ischofield8j,Schofield,ischofield8j@ovh.net,Male,36.198.171.82,22,18,96,53
309,Flory,fmackley8k,Mackley,fmackley8k@google.cn,Male,84.49.213.69,3,43,71,99
310,Gisele,gfrunks8l,Frunks,gfrunks8l@un.org,Female,140.59.237.137,44,21,87,97
311,Julia,jmadgewick8m,Madgewick,jmadgewick8m@hugedomains.com,Female,164.174.243.151,87,19,52,13
312,Kenn,kbesnardeau8n,Besnardeau,kbesnardeau8n@slate.com,Male,178.220.241.162,67,65,66,20
313,Mavis,mbocke8o,Bocke,mbocke8o@vinaora.com,Female,32.85.96.248,70,48,71,86
314,Herrick,hlivard8p,Livard,hlivard8p@example.com,Male,165.148.42.247,68,95,60,24
315,Karola,kchazette8q,Chazette,kchazette8q@rediff.com,Female,184.17.1.87,10,5,25,13
316,Arden,avescovo8r,Vescovo,avescovo8r@accuweather.com,Female,15.149.166.2,61,90,81,47
317,Joell,jgariff8s,Gariff,jgariff8s@icio.us,Female,80.86.245.154,33,21,29,15
318,Mirabelle,minsko8t,Insko,minsko8t@cafepress.com,Female,48.195.142.195,31,90,75,86
319,Yuri,yrowney8u,Rowney,yrowney8u@examiner.com,Male,10.248.144.199,74,68,19,21
320,Hobard,hmccoll8v,McColl,hmccoll8v@bbb.org,Male,167.100.253.233,32,76,62,67
321,Ida,iivashnyov8w,Ivashnyov,iivashnyov8w@statcounter.com,Female,37.61.137.51,86,14,53,49
322,Chrysa,ccullabine8x,Cullabine,ccullabine8x@gov.uk,Female,246.112.135.162,100,90,11,13
323,Gerladina,gatwood8y,Atwood,gatwood8y@amazon.com,Female,209.148.107.206,69,30,80,44
324,Rob,rboecke8z,Boecke,rboecke8z@epa.gov,Male,92.163.62.160,44,29,18,19
325,Kyle,kmacwhirter90,MacWhirter,kmacwhirter90@ezinearticles.com,Male,224.192.81.249,85,18,66,88
326,Nicol,nrubel91,Rubel,nrubel91@edublogs.org,Male,27.215.34.24,44,99,58,87
327,Muffin,mgillett92,Gillett,mgillett92@bigcartel.com,Male,159.187.68.226,7,75,14,7
328,Ellsworth,ebreeze93,Breeze,ebreeze93@prlog.org,Male,3.84.60.104,69,96,19,28
329,Fayina,fhumburton94,Humburton,fhumburton94@google.pl,Female,205.100.45.67,51,18,28,95
330,Taite,tvel95,Vel,tvel95@themeforest.net,Male,27.241.139.75,45,98,61,66
331,Dorey,dseneschal96,Seneschal,dseneschal96@dailymail.co.uk,Male,52.150.101.183,41,63,83,49
332,Anastasie,ajarrel97,Jarrel,ajarrel97@xinhuanet.com,Female,141.253.154.254,21,11,38,60
333,Stefano,sespinay98,Espinay,sespinay98@oaic.gov.au,Male,227.161.35.161,63,67,5,81
334,Skell,srosiello99,Rosiello,srosiello99@cdbaby.com,Male,12.234.255.114,12,32,72,96
335,Orbadiah,oharuard9a,Haruard,oharuard9a@ask.com,Male,60.101.91.235,46,79,9,65
336,Aurilia,abusher9b,Busher,abusher9b@vk.com,Female,216.22.60.211,89,61,58,38
337,Reg,rmuslim9c,Muslim,rmuslim9c@mit.edu,Male,95.130.30.205,22,65,2,45
338,Olivero,obeagrie9d,Beagrie,obeagrie9d@t-online.de,Male,43.253.208.109,52,16,37,9
339,Rozalin,rielden9e,Ielden,rielden9e@desdev.cn,Female,37.15.80.49,91,33,47,24
340,Ericka,eblucher9f,Blucher,eblucher9f@phoca.cz,Female,192.0.146.169,40,25,64,50
341,Raimondo,rlesor9g,Lesor,rlesor9g@google.de,Male,250.40.161.148,53,51,45,3
342,Darla,dloddy9h,Loddy,dloddy9h@tuttocitta.it,Female,149.158.13.32,56,89,38,36
343,Frederic,fdiprose9i,Diprose,fdiprose9i@mozilla.org,Male,26.206.134.169,61,94,59,63
344,Olin,olemmanbie9j,Lemmanbie,olemmanbie9j@nbcnews.com,Male,167.67.164.193,4,38,34,61
345,Nichole,ntrude9k,Trude,ntrude9k@senate.gov,Agender,9.64.48.13,27,67,74,21
346,Bevvy,bannwyl9l,Annwyl,bannwyl9l@infoseek.co.jp,Female,31.230.243.139,64,98,7,100
347,Jocelyne,jfrawley9m,Frawley,jfrawley9m@feedburner.com,Female,114.113.31.5,9,29,25,67
348,Berky,bsmye9n,Smye,bsmye9n@rediff.com,Male,39.89.204.34,71,34,72,74
349,Warner,wdriscoll9o,Driscoll,wdriscoll9o@rediff.com,Male,51.183.248.240,35,64,20,28
350,Olivie,osharrier9p,Sharrier,osharrier9p@accuweather.com,Polygender,117.146.53.218,41,14,53,43
351,Martguerita,mleaton9q,Leaton,mleaton9q@delicious.com,Bigender,117.213.61.114,43,7,18,56
352,Errick,ehills9r,Hills,ehills9r@histats.com,Male,113.88.164.135,42,16,9,66
353,Bartolomeo,boffen9s,Offen,boffen9s@marriott.com,Male,149.248.251.83,97,79,89,94
354,Norry,ntappington9t,Tappington,ntappington9t@bing.com,Male,65.145.180.72,60,19,79,13
355,Starla,scracie9u,Cracie,scracie9u@taobao.com,Female,148.95.235.234,8,77,70,99
356,Grant,gtraves9v,Traves,gtraves9v@huffingtonpost.com,Male,77.15.233.121,44,64,97,87
357,Coletta,cvanleijs9w,Van Leijs,cvanleijs9w@time.com,Female,92.224.141.238,26,33,85,87
358,Beniamino,bseignior9x,Seignior,bseignior9x@hatena.ne.jp,Male,32.195.244.34,54,83,58,14
359,Lauraine,ldalgliesh9y,Dalgliesh,ldalgliesh9y@meetup.com,Female,171.216.139.236,79,98,20,71
360,Orlan,ogalletley9z,Galletley,ogalletley9z@weather.com,Male,144.60.245.14,4,14,5,53
361,Claiborne,ckurtona0,Kurton,ckurtona0@flavors.me,Male,238.233.61.93,78,61,18,9
362,Harrison,hrichfielda1,Richfield,hrichfielda1@icq.com,Male,48.154.168.52,54,85,75,53
363,Josee,jrussama2,Russam,jrussama2@miitbeian.gov.cn,Genderqueer,243.93.159.239,85,34,61,70
364,Kristi,ktoohera3,Tooher,ktoohera3@live.com,Female,133.136.150.52,22,26,10,79
365,Janessa,jsanda4,Sand,jsanda4@newsvine.com,Female,115.250.206.37,6,36,47,99
366,Joni,jjamrowicza5,Jamrowicz,jjamrowicza5@edublogs.org,Female,136.112.53.221,54,53,35,8
367,Foster,fjunipera6,Juniper,fjunipera6@pbs.org,Male,6.155.208.1,40,22,45,28
368,Guillaume,glennona7,Lennon,glennona7@biglobe.ne.jp,Male,87.249.60.96,45,11,76,4
369,Giuditta,ggumbrella8,Gumbrell,ggumbrella8@csmonitor.com,Female,104.95.84.133,40,33,97,18
370,Noami,nthorbona9,Thorbon,nthorbona9@example.com,Female,232.166.88.55,26,90,78,12
371,Leonerd,llehouxaa,Le Houx,llehouxaa@seesaa.net,Male,227.218.193.132,13,37,29,24
372,Hermy,hpaulettiab,Pauletti,hpaulettiab@globo.com,Male,45.124.160.217,54,33,10,29
373,Leelah,ljellybrandac,Jellybrand,ljellybrandac@craigslist.org,Genderfluid,105.91.212.132,17,50,40,89
374,Krissy,kgagenad,Gagen,kgagenad@biblegateway.com,Female,207.67.137.14,24,28,89,99
375,Rutledge,rputtrellae,Puttrell,rputtrellae@odnoklassniki.ru,Male,162.96.87.143,49,79,3,76
376,Salvatore,shartwrightaf,Hartwright,shartwrightaf@bizjournals.com,Male,27.61.46.194,2,54,100,64
377,Kassi,knelthorpeag,Nelthorpe,knelthorpeag@slashdot.org,Female,24.253.2.129,9,45,37,81
378,Brenna,bgroomebridgeah,Groomebridge,bgroomebridgeah@biblegateway.com,Female,84.143.174.76,36,16,20,81
379,Levin,lscarasbrickai,Scarasbrick,lscarasbrickai@foxnews.com,Male,187.30.160.160,69,30,55,79
380,Baxter,bcancottaj,Cancott,bcancottaj@last.fm,Male,156.161.87.45,67,10,88,58
381,Bell,bjudgkinsak,Judgkins,bjudgkinsak@soundcloud.com,Female,134.7.65.25,69,35,76,68
382,Cynthie,cvanneral,Vanner,cvanneral@booking.com,Female,108.150.58.205,18,11,12,95
383,Sibylla,spinnickam,Pinnick,spinnickam@senate.gov,Female,73.157.2.96,40,5,30,49
384,Rheba,rarnaudinan,Arnaudin,rarnaudinan@godaddy.com,Bigender,112.95.220.61,76,66,47,36
385,Anne-corinne,athallerao,Thaller,athallerao@simplemachines.org,Female,198.143.17.24,35,56,47,71
386,Etty,esaladineap,Saladine,esaladineap@sourceforge.net,Female,163.245.85.242,64,63,5,94
387,Jarid,jfarlhamaq,Farlham,jfarlhamaq@bluehost.com,Male,55.144.39.207,70,45,68,60
388,Baird,bharbackar,Harback,bharbackar@cocolog-nifty.com,Male,208.70.195.114,70,84,55,17
389,Kassey,kgiovanazzias,Giovanazzi,kgiovanazzias@utexas.edu,Agender,24.142.108.131,25,20,15,31
390,Torry,tcarlonat,Carlon,tcarlonat@economist.com,Agender,145.84.80.58,40,8,95,2
391,Roxanne,rmarriotau,Marriot,rmarriotau@ning.com,Female,117.115.148.248,14,49,20,24
392,Filberto,fbolducav,Bolduc,fbolducav@ask.com,Male,177.216.227.66,45,7,82,43
393,Rhianon,rvillaretaw,Villaret,rvillaretaw@mail.ru,Female,207.84.93.101,6,69,84,85
394,Chaim,canthonyax,Anthony,canthonyax@lycos.com,Male,250.142.189.9,38,49,47,19
395,Blaine,bleleuay,Le Leu,bleleuay@blog.com,Male,138.152.31.133,9,28,79,92
396,Jeffry,jcathenodaz,Cathenod,jcathenodaz@biblegateway.com,Bigender,24.168.187.15,95,80,13,11
397,Erinna,eobellb0,Obell,eobellb0@cnet.com,Female,132.144.79.119,21,9,60,82
398,Lorrie,lkobub1,Kobu,lkobub1@macromedia.com,Female,233.140.164.109,75,98,72,91
399,Dickie,dmcalisterb2,McAlister,dmcalisterb2@imageshack.us,Male,188.170.166.173,55,47,7,76
400,Burr,bvannikovb3,Vannikov,bvannikovb3@parallels.com,Male,67.43.5.93,46,36,63,12
401,Rudy,rharvettb4,Harvett,rharvettb4@mozilla.org,Male,96.2.242.101,54,10,87,38
402,Lina,lporchb5,Porch,lporchb5@mashable.com,Female,43.0.172.146,17,46,34,13
403,Darius,dastillb6,Astill,dastillb6@jiathis.com,Male,243.225.91.95,97,67,4,61
404,Gay,gdupoyb7,Dupoy,gdupoyb7@nbcnews.com,Female,116.20.0.103,100,13,1,19
405,Roxanne,rswiftb8,Swift,rswiftb8@stumbleupon.com,Bigender,75.104.135.159,84,43,59,59
406,Ethel,estibbsb9,Stibbs,estibbsb9@slate.com,Female,80.134.139.62,80,83,93,1
407,Brucie,borfeurba,Orfeur,borfeurba@hatena.ne.jp,Male,66.156.183.100,88,2,19,45
408,Patrice,ptoweybb,Towey,ptoweybb@salon.com,Male,120.143.207.78,56,97,42,55
409,Thomasine,twillmettbc,Willmett,twillmettbc@ftc.gov,Female,211.6.37.188,96,21,59,47
410,Alphard,aduprebd,Dupre,aduprebd@plala.or.jp,Male,170.101.72.19,21,83,44,29
411,Bobbie,bgaisfordbe,Gaisford,bgaisfordbe@mail.ru,Male,0.230.222.177,6,11,91,17
412,Federico,fjosephibf,Josephi,fjosephibf@youtube.com,Male,120.93.79.232,54,11,65,27
413,Major,medinburoughbg,Edinburough,medinburoughbg@virginia.edu,Male,136.27.110.242,77,77,61,26
414,Towny,thuckerbebh,Huckerbe,thuckerbebh@ihg.com,Male,199.138.96.172,83,60,68,62
415,Jackelyn,jottleybi,Ottley,jottleybi@photobucket.com,Polygender,220.167.37.20,81,42,15,21
416,Lettie,lalbertibj,Alberti,lalbertibj@answers.com,Female,211.138.243.186,24,77,63,43
417,Ikey,iwadelinbk,Wadelin,iwadelinbk@unicef.org,Male,159.190.123.27,75,84,59,53
418,Claudelle,cshoresonbl,Shoreson,cshoresonbl@businessinsider.com,Female,210.64.196.198,99,75,2,11
419,Melly,meppbm,Epp,meppbm@comcast.net,Female,191.34.227.162,12,49,94,93
420,Carrie,clancetterbn,Lancetter,clancetterbn@reuters.com,Female,154.128.61.136,4,21,52,61
421,Brandea,bcleynaertbo,Cleynaert,bcleynaertbo@ox.ac.uk,Female,220.13.123.148,92,93,69,68
422,Bambie,bdumkebp,Dumke,bdumkebp@homestead.com,Female,218.145.135.249,34,57,12,63
423,Bo,bhovelbq,Hovel,bhovelbq@huffingtonpost.com,Male,74.122.18.171,43,48,96,7
424,Hyman,hdennerleybr,Dennerley,hdennerleybr@networkadvertising.org,Male,87.158.148.72,14,52,20,62
425,Zack,zsolwaybs,Solway,zsolwaybs@github.com,Male,58.175.75.225,79,75,3,20
426,Leandra,lnittibt,Nitti,lnittibt@angelfire.com,Female,227.137.242.157,30,31,49,23
427,Rees,rlukasbu,Lukas,rlukasbu@pen.io,Male,231.174.185.23,54,93,76,6
428,Chauncey,cwakeleybv,Wakeley,cwakeleybv@woothemes.com,Male,203.171.84.209,56,78,52,14
429,Gerianne,gwrefordbw,Wreford,gwrefordbw@paypal.com,Female,32.121.80.118,28,62,34,42
430,Gretna,gbendallbx,Bendall,gbendallbx@discuz.net,Female,202.32.75.255,31,99,73,12
431,Esta,elevicountby,Levicount,elevicountby@mashable.com,Female,227.249.135.103,60,89,34,24
432,Barthel,bwrathmallbz,Wrathmall,bwrathmallbz@typepad.com,Male,255.166.132.107,73,62,2,58
433,Margarita,mdunnec0,Dunne,mdunnec0@php.net,Female,177.52.138.211,76,68,57,21
434,Homer,hhalwoodc1,Halwood,hhalwoodc1@eepurl.com,Male,76.103.196.39,82,77,40,3
435,Jeremiah,jhovardc2,Hovard,jhovardc2@canalblog.com,Male,26.173.116.159,38,33,74,49
436,Lonni,lrickeardc3,Rickeard,lrickeardc3@loc.gov,Agender,20.188.174.36,80,76,24,25
437,Elfrida,esquiresc4,Squires,esquiresc4@redcross.org,Female,57.161.131.164,83,91,57,27
438,Greer,ggantzmanc5,Gantzman,ggantzmanc5@elpais.com,Female,245.78.183.111,49,2,54,83
439,Currey,cbolithoc6,Bolitho,cbolithoc6@berkeley.edu,Male,116.242.220.114,55,28,57,91
440,Berton,bstoryc7,Story,bstoryc7@opera.com,Male,22.75.227.90,73,41,76,63
441,Berk,bdagleasc8,Dagleas,bdagleasc8@blogger.com,Male,176.182.106.196,29,60,16,66
442,Payton,prebanksc9,Rebanks,prebanksc9@homestead.com,Male,99.135.147.194,23,65,42,3
443,Zulema,zmaybeyca,Maybey,zmaybeyca@nsw.gov.au,Female,223.250.101.228,50,74,60,91
444,Gerhardt,geskrickcb,Eskrick,geskrickcb@spiegel.de,Male,39.211.102.110,2,17,52,38
445,Gennie,gfriendcc,Friend,gfriendcc@wunderground.com,Female,243.6.143.137,87,42,2,98
446,Kimmie,kguidetticd,Guidetti,kguidetticd@homestead.com,Female,74.254.179.185,92,97,99,39
447,Lek,lbasilottace,Basilotta,lbasilottace@w3.org,Male,31.41.56.213,25,83,44,89
448,Rachel,rbirdfieldcf,Birdfield,rbirdfieldcf@intel.com,Female,78.201.193.138,74,14,54,92
449,Shelli,sfrendcg,Frend,sfrendcg@theglobeandmail.com,Female,59.107.124.99,63,62,49,38
450,Kile,kdowch,Dow,kdowch@delicious.com,Male,200.127.48.251,47,95,43,96
451,Giordano,gfalconarci,Falconar,gfalconarci@vistaprint.com,Bigender,48.169.151.130,78,25,93,89
452,Cathyleen,cstenhousecj,Stenhouse,cstenhousecj@purevolume.com,Female,250.17.192.190,38,92,32,43
453,Ches,cickeck,Icke,cickeck@japanpost.jp,Genderqueer,222.217.173.121,56,86,96,99
454,Milton,mvedenisovcl,Vedenisov,mvedenisovcl@odnoklassniki.ru,Male,151.33.137.130,75,18,53,38
455,Keary,kvineycm,Viney,kvineycm@soup.io,Male,62.94.177.59,4,89,38,48
456,Regan,rfrancescn,Frances,rfrancescn@rambler.ru,Bigender,92.88.100.89,97,50,17,21
457,Sayers,smccaddenco,McCadden,smccaddenco@newyorker.com,Male,77.131.249.155,85,70,79,15
458,Harland,hhamberstoncp,Hamberston,hhamberstoncp@biblegateway.com,Male,48.107.220.44,28,13,40,76
459,Pepe,pbraidleycq,Braidley,pbraidleycq@exblog.jp,Polygender,218.10.159.17,61,24,27,46
460,Millisent,mritsoncr,Ritson,mritsoncr@zdnet.com,Female,111.102.197.174,49,97,4,59
461,Anne,ahembrowcs,Hembrow,ahembrowcs@seattletimes.com,Female,225.202.55.87,30,49,9,64
462,Dirk,dsoamect,Soame,dsoamect@opera.com,Male,67.196.55.70,38,10,66,1
463,Lorelei,lsertincu,Sertin,lsertincu@blog.com,Female,121.8.96.198,25,83,90,63
464,Georgia,gdionisocv,Dioniso,gdionisocv@php.net,Female,194.48.166.203,85,67,27,42
465,Wilbert,wzettoicw,Zettoi,wzettoicw@lycos.com,Male,64.83.217.101,19,26,90,29
466,Sheila-kathryn,shibbartcx,Hibbart,shibbartcx@wunderground.com,Female,200.180.139.150,54,68,78,88
467,Dulcy,dtreskecy,Treske,dtreskecy@sciencedirect.com,Female,102.40.250.48,100,62,76,59
468,Moreen,mdugocz,D'Ugo,mdugocz@hostgator.com,Female,203.140.124.144,98,28,44,8
469,Callean,ctattershalld0,Tattershall,ctattershalld0@rediff.com,Male,197.5.148.18,57,60,76,78
470,Janeva,jharnwelld1,Harnwell,jharnwelld1@comcast.net,Non-binary,147.163.215.120,62,16,37,95
471,Cordelia,cdecourceyd2,de Courcey,cdecourceyd2@tumblr.com,Female,205.1.79.143,60,62,48,41
472,Emile,echampkend3,Champken,echampkend3@time.com,Male,170.89.29.178,90,18,62,53
473,Drew,dwhitsund4,Whitsun,dwhitsund4@ft.com,Male,160.206.134.19,7,41,35,53
474,Christel,cpryced5,Pryce,cpryced5@rambler.ru,Female,163.154.210.83,90,81,17,80
475,Mignon,mfowleyd6,Fowley,mfowleyd6@canalblog.com,Female,111.22.222.44,68,58,17,52
476,Consuelo,cdermottd7,Dermott,cdermottd7@imdb.com,Female,2.60.47.226,57,25,78,36
477,Gabby,grederd8,Reder,grederd8@ovh.net,Male,149.93.32.137,51,38,93,88
478,Jammie,jethertond9,Etherton,jethertond9@abc.net.au,Female,8.104.197.176,55,92,94,19
479,Jo,jmccrainorda,McCrainor,jmccrainorda@nbcnews.com,Male,190.234.2.136,10,99,63,89
480,Tomi,tdumingosdb,Dumingos,tdumingosdb@diigo.com,Female,139.52.179.110,76,48,59,80
481,Lonny,lpoznanskidc,Poznanski,lpoznanskidc@comcast.net,Male,105.47.166.189,11,77,63,1
482,Mauricio,mraynarddd,Raynard,mraynarddd@arizona.edu,Male,46.173.16.52,71,54,9,40
483,Blinny,bwillgrassde,Willgrass,bwillgrassde@who.int,Female,33.20.124.138,27,6,36,19
484,Quinlan,qvanhalendf,Van Halen,qvanhalendf@craigslist.org,Male,51.11.64.4,75,3,91,96
485,Tim,tsevierdg,Sevier,tsevierdg@cyberchimps.com,Male,94.12.156.4,1,4,68,37
486,Lind,lmckendodh,McKendo,lmckendodh@wikipedia.org,Female,240.166.150.199,70,79,38,24
487,Nikki,nsomerliedi,Somerlie,nsomerliedi@ebay.co.uk,Female,229.72.151.149,59,1,59,95
488,Clint,cmerrigandj,Merrigan,cmerrigandj@rediff.com,Male,227.27.206.155,55,20,14,28
489,Elias,emcgaheydk,McGahey,emcgaheydk@g.co,Male,106.82.160.42,71,80,32,93
490,Deny,ddackdl,Dack,ddackdl@samsung.com,Female,38.65.154.151,45,27,85,1
491,Greer,gcliffedm,Cliffe,gcliffedm@disqus.com,Female,38.105.67.11,24,29,39,22
492,Hedi,hcranstondn,Cranston,hcranstondn@omniture.com,Female,66.111.233.22,50,98,66,35
493,Marji,mweagenerdo,Weagener,mweagenerdo@prlog.org,Female,126.175.165.198,22,90,28,30
494,Ilene,ireisdp,Reis,ireisdp@skype.com,Female,157.41.22.84,3,22,17,63
495,Tanny,tdanforddq,Danford,tdanforddq@usgs.gov,Male,44.228.245.97,32,66,74,36
496,Micheline,mpesseldr,Pessel,mpesseldr@miitbeian.gov.cn,Female,188.138.52.242,15,28,59,32
497,Devon,dgilhooleyds,Gilhooley,dgilhooleyds@list-manage.com,Female,56.114.20.196,21,74,67,11
498,Kenna,ksellandt,Sellan,ksellandt@imageshack.us,Female,165.100.35.162,41,70,82,14
499,Marta,mepelettdu,Epelett,mepelettdu@acquirethisname.com,Female,46.127.227.116,61,89,1,46
500,Lauritz,lvosedv,Vose,lvosedv@eventbrite.com,Genderqueer,173.111.246.181,91,44,89,52
501,Elvira,elilloedw,Lilloe,elilloedw@odnoklassniki.ru,Female,73.143.32.223,53,75,2,84
502,Karrah,kantonignettidx,Antonignetti,kantonignettidx@japanpost.jp,Female,95.142.135.13,95,45,22,50
503,Layton,lguidettidy,Guidetti,lguidettidy@csmonitor.com,Male,179.42.85.132,36,61,28,21
504,Cybill,cstroderdz,Stroder,cstroderdz@so-net.ne.jp,Non-binary,63.192.46.123,60,24,19,65
505,Jessy,jsakete0,Saket,jsakete0@dailymotion.com,Female,200.60.93.220,83,77,39,12
506,Shaw,sdennidgee1,Dennidge,sdennidgee1@foxnews.com,Male,233.236.153.46,70,18,69,23
507,Garvin,gmayzese2,Mayzes,gmayzese2@mozilla.com,Polygender,72.161.205.6,19,39,68,27
508,Joyann,jbrachelle3,Brachell,jbrachelle3@sun.com,Female,121.236.242.29,61,67,28,99
509,Brita,bearthfielde4,Earthfield,bearthfielde4@nymag.com,Female,109.211.99.65,25,89,9,7
510,Marcelle,milchenkoe5,Ilchenko,milchenkoe5@delicious.com,Female,119.117.103.227,25,80,50,78
511,Westbrook,wbedowe6,Bedow,wbedowe6@seattletimes.com,Male,64.137.78.252,81,23,18,73
512,Meridith,mperfilie7,Perfili,mperfilie7@wiley.com,Female,254.75.129.36,25,76,24,70
513,Bekki,bgrayere8,Grayer,bgrayere8@addtoany.com,Female,100.29.247.85,56,73,72,59
514,Sophronia,swillcotte9,Willcott,swillcotte9@hibu.com,Female,168.135.152.98,75,84,14,33
515,George,gperringtonea,Perrington,gperringtonea@networksolutions.com,Male,207.6.112.68,9,29,19,10
516,Alma,alearieeb,Learie,alearieeb@bandcamp.com,Female,149.51.68.105,70,19,92,24
517,Elinor,ecouchec,Couch,ecouchec@yandex.ru,Female,41.242.49.131,82,96,92,87
518,Sharron,sschulkened,Schulken,sschulkened@timesonline.co.uk,Female,230.143.174.128,67,9,15,88
519,Bamby,bclacksonee,Clackson,bclacksonee@ca.gov,Female,143.199.169.153,54,92,36,90
520,Cobb,camorineef,Amorine,camorineef@imageshack.us,Male,246.38.236.128,77,54,80,72
521,Benjamin,blarkineg,Larkin,blarkineg@livejournal.com,Agender,145.172.236.146,53,89,79,75
522,Appolonia,amckeachieeh,McKeachie,amckeachieeh@clickbank.net,Female,11.104.143.171,73,15,53,14
523,Domenico,dblofeldei,Blofeld,dblofeldei@deviantart.com,Male,95.175.219.224,32,58,46,8
524,Jerrie,jrodolicoej,Rodolico,jrodolicoej@360.cn,Genderqueer,206.80.48.50,77,100,79,95
525,Irita,iwhiskerdek,Whiskerd,iwhiskerdek@fastcompany.com,Female,14.38.74.96,77,65,75,49
526,Briant,bsawel,Saw,bsawel@bandcamp.com,Male,176.107.219.99,66,100,87,20
527,Ruthe,rbudcockem,Budcock,rbudcockem@webeden.co.uk,Female,161.207.212.36,75,69,100,44
528,Cullin,cdobrovolnyen,Dobrovolny,cdobrovolnyen@amazonaws.com,Male,73.16.75.248,2,56,24,50
529,Angelico,akeelyeo,Keely,akeelyeo@umn.edu,Non-binary,0.12.88.54,8,74,88,100
530,Tracie,tmilleryep,Millery,tmilleryep@vkontakte.ru,Male,146.68.160.200,28,92,41,47
531,Humfrey,hyveeq,Yve,hyveeq@instagram.com,Male,76.120.111.86,4,3,67,77
532,Minnie,mespyer,Espy,mespyer@rakuten.co.jp,Female,198.233.21.162,95,67,13,85
533,Maddy,mvittetes,Vittet,mvittetes@whitehouse.gov,Male,205.31.40.144,69,35,79,5
534,Jillian,joscallanet,O' Scallan,joscallanet@salon.com,Female,242.249.77.181,85,21,26,29
535,Fons,ffeenaneu,Feenan,ffeenaneu@cdbaby.com,Male,75.229.17.232,99,16,3,89
536,Madelin,mrockhallev,Rockhall,mrockhallev@gmpg.org,Female,181.242.159.39,88,51,33,58
537,Alex,amousleyew,Mousley,amousleyew@unblog.fr,Male,8.32.182.119,60,63,43,84
538,Pammi,precordex,Record,precordex@cnn.com,Female,68.254.217.116,92,44,18,12
539,Bertrand,binmaney,Inman,binmaney@engadget.com,Agender,159.182.140.170,40,86,83,76
540,Bliss,bjayesez,Jayes,bjayesez@cnet.com,Female,214.85.208.101,2,81,22,64
541,Melissa,mmcgauganf0,McGaugan,mmcgauganf0@ning.com,Female,124.128.207.94,93,11,50,37
542,Bran,bluxmooref1,Luxmoore,bluxmooref1@senate.gov,Male,39.45.167.255,97,89,100,85
543,Cecilio,cjakubiakf2,Jakubiak,cjakubiakf2@i2i.jp,Male,124.21.18.211,64,40,37,20
544,Coreen,clovemanf3,Loveman,clovemanf3@archive.org,Non-binary,89.114.168.105,55,94,39,24
545,Tristam,thoulisonf4,Houlison,thoulisonf4@alibaba.com,Male,133.131.74.196,72,44,66,10
546,Damian,dredierf5,Redier,dredierf5@delicious.com,Male,132.253.172.27,11,3,35,98
547,Nanice,nsalvagef6,Salvage,nsalvagef6@disqus.com,Female,17.237.49.11,50,25,32,64
548,Deb,dmedlenf7,Medlen,dmedlenf7@desdev.cn,Female,225.193.38.28,64,22,87,94
549,Robbie,rferrieroif8,Ferrieroi,rferrieroif8@thetimes.co.uk,Male,44.190.16.203,66,21,74,21
550,Ame,amasselinf9,Masselin,amasselinf9@yellowbook.com,Female,166.78.119.50,42,14,39,99
551,Maxy,mdufairefa,Dufaire,mdufairefa@stanford.edu,Female,210.16.38.230,28,20,70,90
552,Dionis,dpinchenfb,Pinchen,dpinchenfb@desdev.cn,Agender,150.58.7.57,40,56,56,21
553,Bryn,bcaulierfc,Caulier,bcaulierfc@gnu.org,Male,32.57.40.78,22,43,13,47
554,Cesya,ckillcrossfd,Killcross,ckillcrossfd@1688.com,Female,133.66.225.21,73,39,63,6
555,Perceval,pshallikerfe,Shalliker,pshallikerfe@photobucket.com,Male,166.96.72.201,56,34,88,98
556,Willa,wstorrockff,Storrock,wstorrockff@baidu.com,Female,125.26.219.212,82,99,14,38
557,Tracee,talibertifg,Aliberti,talibertifg@huffingtonpost.com,Female,244.35.107.251,22,69,48,63
558,Herve,hkermodefh,Kermode,hkermodefh@noaa.gov,Male,0.161.201.249,22,35,10,33
559,Burlie,bbudnikfi,Budnik,bbudnikfi@flickr.com,Male,2.85.40.81,17,94,48,24
560,Cecelia,cricoaldfj,Ricoald,cricoaldfj@foxnews.com,Female,251.22.237.174,19,54,12,14
561,Shayne,sodeveyfk,O'Devey,sodeveyfk@apache.org,Female,5.3.199.90,44,56,57,79
562,Siegfried,syurshevfl,Yurshev,syurshevfl@sciencedirect.com,Male,202.121.38.199,57,7,19,84
563,Jeramie,jgwalterfm,Gwalter,jgwalterfm@xrea.com,Male,236.111.223.250,28,53,16,26
564,Clovis,cwakeleyfn,Wakeley,cwakeleyfn@reverbnation.com,Female,166.243.5.102,54,54,32,55
565,Cynthea,ccrostonfo,Croston,ccrostonfo@state.tx.us,Female,183.199.183.189,69,61,10,8
566,Tyrus,thargetfp,Harget,thargetfp@opensource.org,Male,94.138.228.57,11,23,64,39
567,Barnie,blittrikfq,Littrik,blittrikfq@rambler.ru,Male,182.80.50.147,45,57,77,100
568,Karrah,kviviansfr,Vivians,kviviansfr@booking.com,Female,118.139.223.7,83,58,90,91
569,Fay,fgouldenfs,Goulden,fgouldenfs@miibeian.gov.cn,Female,6.54.88.76,13,70,27,19
570,Beverley,bkeasyft,Keasy,bkeasyft@angelfire.com,Female,110.177.241.154,25,55,56,46
571,Jocelyn,jcolbranfu,Colbran,jcolbranfu@oracle.com,Female,1.138.45.5,48,86,27,96
572,Huey,hseyffertfv,Seyffert,hseyffertfv@mit.edu,Male,98.159.196.201,61,92,4,37
573,Maura,mlacroutzfw,Lacroutz,mlacroutzfw@slideshare.net,Female,117.39.108.115,90,43,11,77
574,Lisbeth,lvanveldefx,Van Velde,lvanveldefx@imgur.com,Female,195.76.235.169,7,50,92,71
575,Kile,kfulleylovefy,Fulleylove,kfulleylovefy@blog.com,Male,71.28.87.86,60,90,18,58
576,Gracia,gfolifz,Foli,gfolifz@buzzfeed.com,Agender,173.209.111.211,93,87,100,12
577,Nydia,ncoughg0,Cough,ncoughg0@zdnet.com,Female,47.83.10.174,13,58,13,32
578,Binni,bmacpadeng1,MacPaden,bmacpadeng1@paypal.com,Female,234.178.169.98,86,17,31,75
579,Addy,asollimeg2,Sollime,asollimeg2@shop-pro.jp,Female,46.93.17.123,7,99,67,49
580,Fitz,fgallantg3,Gallant,fgallantg3@elegantthemes.com,Male,166.177.22.13,45,64,86,95
581,Kerrin,kcookesg4,Cookes,kcookesg4@gov.uk,Female,171.93.216.251,9,55,23,39
582,Galvin,ggiraudeaug5,Giraudeau,ggiraudeaug5@paypal.com,Male,40.200.10.187,95,97,2,34
583,Denney,dschuelckeg6,Schuelcke,dschuelckeg6@networkadvertising.org,Polygender,183.44.76.55,58,38,81,25
584,Iseabal,ithickensg7,Thickens,ithickensg7@epa.gov,Female,202.173.165.227,94,16,79,56
585,Marlyn,mgiannazzig8,Giannazzi,mgiannazzig8@upenn.edu,Female,154.47.75.68,15,92,9,78
586,Maribel,mfranzkeg9,Franzke,mfranzkeg9@aboutads.info,Female,63.134.171.2,55,58,94,39
587,Lennard,lgagenga,Gagen,lgagenga@bbb.org,Male,35.20.4.165,1,12,76,94
588,Kris,khaddongb,Haddon,khaddongb@miitbeian.gov.cn,Female,46.63.240.67,48,6,54,24
589,Lyndsey,lkewgc,Kew,lkewgc@pinterest.com,Genderfluid,94.223.51.107,54,35,35,69
590,Kin,kliddengd,Lidden,kliddengd@dailymotion.com,Male,127.171.11.113,2,85,2,70
591,Kara-lynn,kdorceyge,Dorcey,kdorceyge@so-net.ne.jp,Bigender,116.94.104.181,57,73,51,18
592,Ado,afolletgf,Follet,afolletgf@comcast.net,Male,146.202.159.152,87,20,77,73
593,Weylin,wwestbygg,Westby,wwestbygg@youku.com,Polygender,81.6.18.26,51,70,20,97
594,Toby,tsmithymangh,Smithyman,tsmithymangh@house.gov,Female,141.231.197.246,80,3,6,82
595,Clementina,cleathemgi,Leathem,cleathemgi@so-net.ne.jp,Female,235.182.15.211,9,15,13,14
596,Scarface,sgethingj,Gethin,sgethingj@mlb.com,Male,236.1.113.124,47,60,74,27
597,Catherine,cfrottongk,Frotton,cfrottongk@themeforest.net,Polygender,145.7.164.127,78,72,25,74
598,Daphene,dmairsgl,Mairs,dmairsgl@nih.gov,Female,213.217.191.47,31,32,53,16
599,Phil,pcallardgm,Callard,pcallardgm@example.com,Genderqueer,10.254.138.6,84,7,53,23
600,Carmela,ctodmangn,Todman,ctodmangn@apache.org,Female,238.97.160.160,62,13,4,68
601,Jillie,jhenninghamgo,Henningham,jhenninghamgo@discuz.net,Female,129.76.202.35,45,35,18,29
602,Greer,gdommersengp,Dommersen,gdommersengp@sun.com,Female,240.243.37.66,93,66,61,10
603,Sollie,skopischgq,Kopisch,skopischgq@wordpress.com,Male,198.15.207.35,95,100,83,38
604,Bogart,bjancgr,Janc,bjancgr@ask.com,Male,145.12.96.221,20,88,8,67
605,Margette,mgiacoppogs,Giacoppo,mgiacoppogs@dailymail.co.uk,Female,242.212.129.58,38,53,8,66
606,Orton,obrydengt,Bryden,obrydengt@princeton.edu,Male,213.144.62.124,22,23,8,23
607,Misha,mschuckgu,Schuck,mschuckgu@wikispaces.com,Female,77.232.138.208,76,68,4,44
608,Leslie,lpinckneygv,Pinckney,lpinckneygv@cdbaby.com,Female,180.76.221.214,18,82,36,14
609,Blaine,bhaskeygw,Haskey,bhaskeygw@mtv.com,Male,64.224.128.15,54,14,19,65
610,Gilbertina,gfootgx,Foot,gfootgx@mediafire.com,Female,74.132.115.164,41,93,70,52
611,Morgan,mwintgy,Wint,mwintgy@huffingtonpost.com,Female,255.45.197.42,52,20,15,11
612,Novelia,ndurantgz,Durant,ndurantgz@tripadvisor.com,Agender,138.7.199.57,59,10,38,11
613,Georges,gnewlandsh0,Newlands,gnewlandsh0@phoca.cz,Male,122.163.214.34,52,87,18,14
614,Herc,hbrugmannh1,Brugmann,hbrugmannh1@sfgate.com,Male,10.70.227.74,1,15,75,98
615,Blinnie,bmacneilh2,MacNeil,bmacneilh2@imgur.com,Female,236.49.172.126,22,57,1,12
616,Mercie,mmounchh3,Mounch,mmounchh3@webmd.com,Female,48.133.58.140,56,90,97,80
617,Dasie,dgarronh4,Garron,dgarronh4@noaa.gov,Female,3.100.243.29,98,14,77,57
618,Frannie,frositah5,Rosita,frositah5@friendfeed.com,Male,102.125.184.243,12,51,95,53
619,Karia,kashallh6,Ashall,kashallh6@amazon.com,Female,255.158.123.172,66,50,24,3
620,Arline,abozworthh7,Bozworth,abozworthh7@phoca.cz,Female,141.242.215.63,45,53,1,87
621,Rosalinda,rwraithh8,Wraith,rwraithh8@theglobeandmail.com,Bigender,127.170.78.40,27,47,32,42
622,Adda,atenpennyh9,Tenpenny,atenpennyh9@wsj.com,Female,218.248.58.228,75,77,98,28
623,Massimo,mhawtreyha,Hawtrey,mhawtreyha@ustream.tv,Male,249.40.23.135,17,9,45,69
624,Beth,bcornillhb,Cornill,bcornillhb@upenn.edu,Female,119.108.179.19,96,24,70,55
625,Hobard,hlanchesterhc,Lanchester,hlanchesterhc@virginia.edu,Non-binary,85.32.84.97,37,78,54,71
626,Cal,cinglesehd,Inglese,cinglesehd@themeforest.net,Female,211.137.53.92,9,4,42,25
627,Phaedra,pscogganshe,Scoggans,pscogganshe@slashdot.org,Female,35.85.159.166,6,55,31,83
628,Wyndham,wcohanhf,Cohan,wcohanhf@amazon.co.uk,Male,95.25.106.149,2,35,58,78
629,Sileas,sellishg,Ellis,sellishg@ifeng.com,Female,141.8.231.92,77,25,76,92
630,Stacie,sbirneyhh,Birney,sbirneyhh@buzzfeed.com,Female,182.185.57.202,29,37,7,24
631,Inga,ibranchhi,Branch,ibranchhi@vkontakte.ru,Female,252.118.220.52,16,45,91,84
632,Alisun,aharnwellhj,Harnwell,aharnwellhj@shareasale.com,Female,242.92.104.33,95,87,2,79
633,Marja,mhighmanhk,Highman,mhighmanhk@mit.edu,Female,181.46.68.6,23,19,84,78
634,Elston,ecoundleyhl,Coundley,ecoundleyhl@eventbrite.com,Male,247.87.77.250,27,3,67,70
635,Ethyl,ehadleehm,Hadlee,ehadleehm@goodreads.com,Female,18.40.166.92,57,75,10,53
636,Anthiathia,atromanhn,Troman,atromanhn@wikipedia.org,Female,245.5.238.156,70,64,59,7
637,Somerset,ssorbyho,Sorby,ssorbyho@telegraph.co.uk,Male,156.28.88.169,4,73,32,61
638,Salli,sbritchhp,Britch,sbritchhp@devhub.com,Female,84.174.162.160,72,41,15,61
639,Delphine,drosparshq,Rospars,drosparshq@si.edu,Female,222.29.58.4,68,70,84,71
640,Ara,abyrchhr,Byrch,abyrchhr@accuweather.com,Male,51.184.172.48,36,36,59,69
641,Camellia,cjullhs,Jull,cjullhs@purevolume.com,Female,14.141.42.35,92,27,10,63
642,Norrie,ngatchht,Gatch,ngatchht@simplemachines.org,Bigender,244.103.171.66,14,30,56,46
643,Ignace,izorzonihu,Zorzoni,izorzonihu@people.com.cn,Male,219.154.94.141,34,13,56,17
644,Bronny,besserhv,Esser,besserhv@zdnet.com,Male,171.216.58.40,11,66,18,60
645,Geraldine,gwagnerinhw,Wagnerin,gwagnerinhw@xing.com,Female,155.77.100.210,75,26,59,41
646,Del,dmcmenaminhx,Mc Menamin,dmcmenaminhx@wufoo.com,Male,26.119.154.86,22,63,92,60
647,Amil,amaddernhy,Maddern,amaddernhy@wp.com,Female,247.255.213.208,43,85,52,76
648,Zelma,zspinagehz,Spinage,zspinagehz@webeden.co.uk,Female,129.199.22.184,38,40,69,25
649,Alphonse,asattini0,Sattin,asattini0@google.ca,Male,184.74.217.228,90,34,3,43
650,Gerladina,gboggoni1,Boggon,gboggoni1@comsenz.com,Female,71.91.68.151,83,41,79,91
651,Nichol,nraperi2,Raper,nraperi2@yellowpages.com,Bigender,183.60.252.8,44,4,43,9
652,Shea,sfengei3,Fenge,sfengei3@ucla.edu,Female,146.245.192.162,11,11,20,25
653,Gill,ghartnessi4,Hartness,ghartnessi4@acquirethisname.com,Male,22.65.6.84,68,6,66,43
654,Hunfredo,hwhitelyi5,Whitely,hwhitelyi5@time.com,Non-binary,151.59.48.84,89,25,4,48
655,Lowe,lcosensi6,Cosens,lcosensi6@spiegel.de,Male,190.19.135.12,15,81,55,100
656,Irvine,ibenkai7,Benka,ibenkai7@bbc.co.uk,Male,251.200.190.250,52,78,59,53
657,Ania,aconochiei8,Conochie,aconochiei8@storify.com,Female,207.205.7.43,49,85,47,86
658,Almira,afraneyi9,Franey,afraneyi9@taobao.com,Female,22.175.220.123,64,28,13,82
659,Nessie,nabellsia,Abells,nabellsia@is.gd,Female,15.116.62.142,76,28,42,93
660,Persis,pgrioliib,Grioli,pgrioliib@slideshare.net,Female,251.250.247.176,34,53,93,72
661,Florry,fcadyic,Cady,fcadyic@salon.com,Female,183.39.196.169,50,2,86,88
662,Salvidor,scavalierid,Cavalier,scavalierid@chicagotribune.com,Male,31.42.214.97,33,33,31,26
663,Talyah,tkinnierie,Kinnier,tkinnierie@tmall.com,Female,60.202.79.230,94,25,58,94
664,Ancell,adaneletif,Danelet,adaneletif@kickstarter.com,Male,28.14.122.243,89,58,17,45
665,Meta,mcrooseig,Croose,mcrooseig@nyu.edu,Female,23.45.65.226,22,69,73,29
666,Ingeberg,idabesih,Dabes,idabesih@hostgator.com,Female,128.17.110.124,14,95,34,25
667,Yasmeen,yingremii,Ingrem,yingremii@engadget.com,Female,73.129.109.3,23,33,1,11
668,Asa,amoonij,Moon,amoonij@redcross.org,Male,248.125.139.122,9,99,87,17
669,Mella,mspeendenik,Speenden,mspeendenik@g.co,Female,9.34.32.45,42,2,73,11
670,Maddi,mvaheyil,Vahey,mvaheyil@ox.ac.uk,Female,136.107.150.132,65,93,70,32
671,Lynn,laaronim,Aaron,laaronim@delicious.com,Polygender,169.88.55.9,16,86,78,51
672,Flinn,fmailein,Maile,fmailein@netlog.com,Male,41.51.140.67,76,81,25,23
673,Fee,faddingtonio,Addington,faddingtonio@aol.com,Male,81.86.184.25,51,94,14,16
674,Berky,bofficerip,Officer,bofficerip@privacy.gov.au,Male,202.167.190.125,30,24,89,26
675,Marius,mosgordbyiq,Osgordby,mosgordbyiq@webnode.com,Male,22.62.41.119,47,75,91,16
676,Veronica,vmarkir,Mark,vmarkir@over-blog.com,Female,154.149.105.248,23,50,4,85
677,Shamus,spablosis,Pablos,spablosis@goodreads.com,Male,21.75.32.250,42,82,68,91
678,Gordon,ghawkeit,Hawke,ghawkeit@ocn.ne.jp,Male,226.72.89.32,46,29,52,74
679,Jessie,jkingsmaniu,Kingsman,jkingsmaniu@imdb.com,Male,56.17.49.196,22,33,28,99
680,Morty,mlovittiv,Lovitt,mlovittiv@about.com,Male,67.179.186.81,68,33,97,26
681,Garth,gkensoniw,Kenson,gkensoniw@studiopress.com,Male,47.236.124.96,65,77,5,47
682,Corbet,ccarlettoix,Carletto,ccarlettoix@indiatimes.com,Male,49.218.85.250,77,8,100,81
683,Edgard,ewaleworkeiy,Waleworke,ewaleworkeiy@ebay.com,Male,189.204.33.171,88,66,96,41
684,Jervis,jstandalliz,Standall,jstandalliz@jugem.jp,Male,165.180.188.28,20,32,34,29
685,Bran,bmelmethj0,Melmeth,bmelmethj0@irs.gov,Male,36.140.5.43,70,20,69,29
686,Renato,rmartinetsj1,Martinets,rmartinetsj1@irs.gov,Male,119.173.107.46,59,28,72,40
687,Yehudit,yburnandj2,Burnand,yburnandj2@europa.eu,Male,253.3.232.78,24,37,55,12
688,Sunny,sserotj3,Serot,sserotj3@yellowpages.com,Non-binary,23.26.106.125,42,40,71,95
689,Franky,fjillinsj4,Jillins,fjillinsj4@google.com.au,Female,23.18.240.193,86,54,41,87
690,Chandal,cabramij5,Abrami,cabramij5@smugmug.com,Female,3.69.104.221,37,96,84,14
691,Carmita,csnalomj6,Snalom,csnalomj6@upenn.edu,Female,86.215.114.173,92,70,61,87
692,Raf,ralsoppj7,Alsopp,ralsoppj7@illinois.edu,Female,117.178.126.54,71,22,67,61
693,Gino,gcondiej8,Condie,gcondiej8@aboutads.info,Male,30.75.31.66,70,76,67,57
694,Ricki,rmerrymanj9,Merryman,rmerrymanj9@arizona.edu,Female,60.76.231.74,25,52,58,24
695,Rochette,rfarlandja,Farland,rfarlandja@wikimedia.org,Female,206.172.28.112,73,6,90,86
696,Cly,cknollesgreenjb,Knolles-Green,cknollesgreenjb@devhub.com,Male,76.41.205.150,95,76,13,61
697,Francene,fmottinellijc,Mottinelli,fmottinellijc@list-manage.com,Female,119.49.52.109,33,57,75,49
698,Hadlee,hkernanjd,Kernan,hkernanjd@digg.com,Male,26.84.126.152,86,18,15,15
699,Jacquie,jramsteadje,Ramstead,jramsteadje@dagondesign.com,Female,132.240.43.32,5,33,4,14
700,Vinson,vwittenjf,Witten,vwittenjf@home.pl,Male,55.152.253.15,37,86,85,61
701,Christi,ccromptonjg,Crompton,ccromptonjg@usgs.gov,Female,70.129.25.216,25,84,8,28
702,Kinna,kshervillejh,Sherville,kshervillejh@google.pl,Non-binary,103.243.213.236,47,67,89,5
703,Boone,bcolafateji,Colafate,bcolafateji@rediff.com,Male,202.1.200.26,34,23,97,98
704,Bartlett,brichjj,Rich,brichjj@dell.com,Male,12.151.215.149,4,43,31,91
705,Jules,jvonhelmholtzjk,Von Helmholtz,jvonhelmholtzjk@paginegialle.it,Non-binary,96.0.2.181,24,81,72,63
706,Boyd,bjallandjl,Jalland,bjallandjl@usatoday.com,Male,203.43.96.163,79,57,3,76
707,Timoteo,tmcgeacheyjm,McGeachey,tmcgeacheyjm@buzzfeed.com,Male,222.45.127.153,94,43,40,67
708,Salvidor,sculljn,Cull,sculljn@canalblog.com,Non-binary,153.135.94.165,67,18,14,66
709,Barbaraanne,bbumbyjo,Bumby,bbumbyjo@blogger.com,Female,217.18.204.8,100,37,21,11
710,Maxie,mhampsteadjp,Hampstead,mhampsteadjp@springer.com,Female,84.202.234.120,2,45,40,95
711,Randell,rgascarjq,Gascar,rgascarjq@phoca.cz,Male,73.117.150.66,71,29,89,13
712,Emilie,ehindsbergjr,Hindsberg,ehindsbergjr@ihg.com,Female,18.244.243.117,92,55,89,20
713,Kit,kdrummerjs,Drummer,kdrummerjs@php.net,Female,169.107.30.52,39,16,1,24
714,Tod,tromejt,Rome,tromejt@bandcamp.com,Male,203.123.250.81,69,37,2,90
715,Ezri,earonoffju,Aronoff,earonoffju@umn.edu,Male,50.106.138.15,72,50,17,82
716,Merwin,maartsenjv,Aartsen,maartsenjv@odnoklassniki.ru,Male,160.20.14.33,16,88,92,71
717,Allie,ajakucewiczjw,Jakucewicz,ajakucewiczjw@yolasite.com,Female,255.120.34.56,27,37,40,22
718,Hatty,hmardalljx,Mardall,hmardalljx@bravesites.com,Female,251.80.217.150,37,61,46,27
719,Margo,mtuleyjy,Tuley,mtuleyjy@trellian.com,Female,217.160.95.85,29,80,14,70
720,Huey,hbutejz,Bute,hbutejz@reference.com,Male,108.177.245.106,17,23,56,18
721,Grove,grookwellk0,Rookwell,grookwellk0@google.pl,Male,232.215.226.84,53,50,51,18
722,Orton,opurchesk1,Purches,opurchesk1@theguardian.com,Male,60.112.212.20,57,10,80,8
723,Babara,bcollynsk2,Collyns,bcollynsk2@facebook.com,Female,220.161.147.151,77,100,29,90
724,Rafaela,rheindlek3,Heindle,rheindlek3@google.pl,Female,93.148.54.140,75,12,80,30
725,Theressa,tgilvaryk4,Gilvary,tgilvaryk4@icq.com,Female,157.89.190.39,86,93,59,55
726,Cassy,cgriefk5,Grief,cgriefk5@cargocollective.com,Female,47.125.88.197,57,5,36,68
727,Ham,hcloughk6,Clough,hcloughk6@edublogs.org,Male,147.141.66.205,77,5,83,57
728,Ralf,rmcreathk7,McReath,rmcreathk7@forbes.com,Male,209.185.4.10,47,54,16,77
729,Neysa,nwaumsleyk8,Waumsley,nwaumsleyk8@techcrunch.com,Polygender,14.68.196.95,68,12,100,89
730,Anthony,apemberk9,Pember,apemberk9@bluehost.com,Male,10.180.139.229,47,39,8,37
731,Kyle,keasbieka,Easbie,keasbieka@ed.gov,Female,73.154.3.171,11,32,24,54
732,Samuel,sbramhillkb,Bramhill,sbramhillkb@ameblo.jp,Male,72.66.95.136,26,8,82,16
733,Algernon,alyokhinkc,Lyokhin,alyokhinkc@people.com.cn,Male,178.116.146.48,93,7,83,30
734,Conny,cbuttrisskd,Buttriss,cbuttrisskd@fastcompany.com,Male,108.177.136.44,63,26,33,84
735,Kordula,kcobbledke,Cobbled,kcobbledke@nyu.edu,Female,212.175.207.39,61,54,21,87
736,Vern,vrissomkf,Rissom,vrissomkf@marketwatch.com,Male,134.130.48.35,95,92,51,19
737,Margarette,malesikg,Alesi,malesikg@phoca.cz,Female,23.47.92.133,34,87,12,32
738,Daven,dmccarrickkh,Mc Carrick,dmccarrickkh@auda.org.au,Male,166.164.214.186,35,38,17,88
739,Frederic,fmasdenki,Masden,fmasdenki@zimbio.com,Male,180.103.123.252,65,35,97,57
740,Lance,ltitheringtonkj,Titherington,ltitheringtonkj@live.com,Bigender,93.30.105.91,26,56,37,84
741,Wilton,wdowerskk,Dowers,wdowerskk@acquirethisname.com,Male,196.238.234.1,60,69,59,8
742,Abbe,aarrigokl,Arrigo,aarrigokl@exblog.jp,Male,112.109.52.139,75,63,93,28
743,Gillian,gmacveighkm,Macveigh,gmacveighkm@php.net,Female,167.127.180.11,96,27,30,71
744,Pamelina,pbaldamkn,Baldam,pbaldamkn@jimdo.com,Female,89.50.234.21,89,44,90,97
745,Ardelia,aclappsonko,Clappson,aclappsonko@blog.com,Female,210.111.9.149,39,15,19,49
746,Fred,fpopeleykp,Popeley,fpopeleykp@ibm.com,Male,141.171.67.36,1,41,2,60
747,Hildegarde,hablottkq,Ablott,hablottkq@oakley.com,Female,4.75.109.199,8,6,51,87
748,Fara,fmalenoirkr,Malenoir,fmalenoirkr@umn.edu,Bigender,37.29.215.50,77,74,52,26
749,Dolli,dgookeyks,Gookey,dgookeyks@wunderground.com,Female,4.116.67.16,94,99,90,19
750,Nola,ncornfordkt,Cornford,ncornfordkt@hc360.com,Female,187.86.235.104,88,22,96,70
751,Boony,bogormallyku,O'Gormally,bogormallyku@nydailynews.com,Male,70.20.58.252,96,17,59,62
752,Glyn,gmeatcherkv,Meatcher,gmeatcherkv@irs.gov,Male,177.137.94.201,97,71,23,93
753,Kingsly,kcrumbiekw,Crumbie,kcrumbiekw@aboutads.info,Male,224.94.90.32,43,60,72,73
754,Maddie,mairliekx,Airlie,mairliekx@moonfruit.com,Female,43.198.140.155,12,55,1,42
755,Lorette,lspollenky,Spollen,lspollenky@slideshare.net,Female,83.184.162.247,89,34,17,38
756,Jason,jtarquinikz,Tarquini,jtarquinikz@japanpost.jp,Male,191.15.229.12,16,41,81,34
757,Staci,smilkinl0,Milkin,smilkinl0@unesco.org,Female,139.110.227.198,60,25,51,94
758,Giff,gthravesl1,Thraves,gthravesl1@discuz.net,Male,36.136.69.127,75,14,77,82
759,Zachariah,zroftl2,Roft,zroftl2@slideshare.net,Male,249.254.152.94,71,87,58,86
760,Nikita,nelvyl3,Elvy,nelvyl3@over-blog.com,Male,122.171.148.156,15,24,6,73
761,Bobinette,bmanuell4,Manuel,bmanuell4@sitemeter.com,Female,52.196.82.41,63,82,45,38
762,Luise,lmarzellil5,Marzelli,lmarzellil5@wsj.com,Genderfluid,1.77.52.127,13,24,1,88
763,Elnar,edoumencl6,Doumenc,edoumencl6@sourceforge.net,Male,75.154.127.185,62,31,84,1
764,Zarla,zgrecel7,Grece,zgrecel7@mac.com,Female,165.79.20.202,22,95,79,48
765,Verna,vciceronel8,Cicerone,vciceronel8@themeforest.net,Non-binary,11.30.228.245,54,83,93,57
766,Jessika,jsiretl9,Siret,jsiretl9@skyrock.com,Female,212.23.173.66,10,23,26,44
767,Freddy,ftuleyla,Tuley,ftuleyla@ucoz.ru,Male,71.20.204.61,100,80,99,33
768,Toma,tseneschallb,Seneschal,tseneschallb@rakuten.co.jp,Female,217.33.244.134,37,86,92,54
769,Ida,iaxtelllc,Axtell,iaxtelllc@cornell.edu,Female,45.130.105.42,7,72,6,48
770,Celinda,cshiltonld,Shilton,cshiltonld@upenn.edu,Female,127.252.202.180,5,37,61,65
771,Abigale,apalkle,Palk,apalkle@privacy.gov.au,Female,84.51.199.229,41,87,79,47
772,Nelie,ndelgardillolf,Delgardillo,ndelgardillolf@sfgate.com,Female,77.66.122.112,58,17,48,12
773,Gerry,gbunneylg,Bunney,gbunneylg@ebay.co.uk,Female,124.228.20.109,71,62,70,34
774,Flossie,fmintylh,Minty,fmintylh@va.gov,Female,195.242.157.203,28,57,60,1
775,Evey,emcpeakeli,McPeake,emcpeakeli@ebay.com,Female,160.221.140.118,9,26,95,86
776,Issiah,iguslonlj,Guslon,iguslonlj@globo.com,Male,158.101.199.195,55,52,81,45
777,Linda,lpralllk,Prall,lpralllk@ehow.com,Female,54.41.62.202,68,63,15,74
778,Theobald,tcornewellll,Cornewell,tcornewellll@buzzfeed.com,Male,94.252.48.26,12,100,5,17
779,Carlynne,cpinwelllm,Pinwell,cpinwelllm@quantcast.com,Female,238.149.44.121,82,41,18,21
780,Laurie,lskingleyln,Skingley,lskingleyln@icio.us,Male,209.174.96.116,4,19,48,4
781,Jeth,jlemmenlo,Lemmen,jlemmenlo@ning.com,Male,3.120.71.109,71,70,93,72
782,Leonid,lmckechnielp,McKechnie,lmckechnielp@usgs.gov,Male,226.136.149.107,63,77,33,42
783,Marybeth,mmalinowskilq,Malinowski,mmalinowskilq@rediff.com,Agender,147.219.103.27,72,50,78,56
784,Quintilla,qwasiellr,Wasiel,qwasiellr@businessweek.com,Female,214.180.244.239,31,78,58,1
785,Giacobo,gkanels,Kane,gkanels@bigcartel.com,Male,181.62.124.123,76,32,18,10
786,Riccardo,rmaxfieldlt,Maxfield,rmaxfieldlt@seattletimes.com,Male,198.54.19.156,43,35,80,62
787,Dov,dpinchbacklu,Pinchback,dpinchbacklu@icio.us,Male,253.239.206.34,30,82,3,6
788,Gery,gduesburylv,Duesbury,gduesburylv@stanford.edu,Male,230.26.237.39,24,100,37,58
789,Nate,ncasselw,Casse,ncasselw@google.de,Male,129.178.53.246,11,11,4,32
790,Morgan,mjouhanlx,Jouhan,mjouhanlx@cbsnews.com,Male,122.219.174.115,55,61,20,54
791,Doro,dschimonekly,Schimonek,dschimonekly@ow.ly,Female,150.154.150.194,16,57,83,63
792,Erl,ecettelllz,Cettell,ecettelllz@forbes.com,Male,13.109.203.109,29,8,66,1
793,Alec,acreadym0,Cready,acreadym0@symantec.com,Male,215.78.57.134,43,40,39,9
794,Conny,cgricem1,Grice,cgricem1@usgs.gov,Male,232.2.107.124,24,12,93,56
795,Merline,mriallm2,Riall,mriallm2@1688.com,Female,7.244.113.173,63,35,36,89
796,Marline,mhowattm3,Howatt,mhowattm3@skype.com,Female,50.142.231.204,73,88,31,11
797,Blayne,bsteelm4,Steel,bsteelm4@springer.com,Male,71.52.137.129,28,32,39,97
798,Sibylla,sbonneym5,Bonney,sbonneym5@archive.org,Female,90.21.83.29,32,88,63,87
799,Allissa,ascobbiem6,Scobbie,ascobbiem6@blogspot.com,Female,43.119.138.22,33,24,41,28
800,Stinky,swellwoodm7,Wellwood,swellwoodm7@mit.edu,Male,116.200.111.251,57,47,79,60
801,Guglielma,gcrammym8,Crammy,gcrammym8@baidu.com,Female,51.19.144.125,9,74,96,87
802,Martino,mdelazennem9,De la Zenne,mdelazennem9@berkeley.edu,Male,218.76.124.5,67,61,98,87
803,Allie,aantonuccima,Antonucci,aantonuccima@123-reg.co.uk,Female,99.124.119.45,16,11,42,99
804,Clemmie,cdiggensmb,Diggens,cdiggensmb@xrea.com,Female,97.170.122.153,60,100,95,9
805,Harlen,hduckfieldmc,Duckfield,hduckfieldmc@psu.edu,Male,109.105.22.17,30,48,77,9
806,Delora,djakemanmd,Jakeman,djakemanmd@icio.us,Bigender,173.185.132.37,46,41,14,34
807,Taite,tkellochme,Kelloch,tkellochme@springer.com,Male,166.210.14.77,36,12,21,98
808,Les,llongfootmf,Longfoot,llongfootmf@harvard.edu,Male,1.50.162.105,39,1,24,71
809,Hermon,hlampenmg,Lampen,hlampenmg@freewebs.com,Male,184.90.33.108,78,44,43,97
810,Omero,oroddermh,Rodder,oroddermh@homestead.com,Male,24.26.232.118,6,61,97,78
811,Lissy,lakedmi,Aked,lakedmi@last.fm,Female,34.215.164.131,99,94,76,39
812,Florette,fjzakmj,Jzak,fjzakmj@issuu.com,Female,42.22.138.206,88,4,13,82
813,Vladimir,vwhittenburymk,Whittenbury,vwhittenburymk@mozilla.com,Male,59.179.136.233,8,85,98,54
814,Fairlie,frockhillml,Rockhill,frockhillml@seesaa.net,Male,147.101.101.30,87,43,26,60
815,Glenda,glubomirskimm,Lubomirski,glubomirskimm@ebay.com,Female,245.43.210.59,23,52,69,70
816,Engracia,esiggmn,Sigg,esiggmn@discovery.com,Female,141.234.78.117,1,95,6,7
817,Cynthea,cjirkamo,Jirka,cjirkamo@usda.gov,Female,242.241.125.139,16,91,1,43
818,Reynold,rcatlingmp,Catling,rcatlingmp@google.it,Male,189.34.37.239,80,94,36,63
819,Clarissa,cpatismq,Patis,cpatismq@prlog.org,Female,157.92.119.89,49,30,60,85
820,Andrea,alavaldemr,Lavalde,alavaldemr@youku.com,Male,163.123.171.251,60,77,84,34
821,Valentia,vragbournms,Ragbourn,vragbournms@howstuffworks.com,Female,230.138.96.244,97,82,33,77
822,Ernestine,evoicemt,Voice,evoicemt@craigslist.org,Female,22.21.253.202,74,67,68,76
823,Jillayne,jmacquiremu,Macquire,jmacquiremu@wired.com,Non-binary,12.245.47.86,83,19,8,63
824,Irina,iruskinmv,Ruskin,iruskinmv@unc.edu,Female,227.166.64.215,21,6,69,56
825,Ozzie,owalshammw,Walsham,owalshammw@jimdo.com,Male,162.128.216.177,80,98,66,86
826,Harwell,habramovicimx,Abramovici,habramovicimx@xinhuanet.com,Male,85.24.53.159,47,83,58,76
827,Brok,bsantorinimy,Santorini,bsantorinimy@csmonitor.com,Male,76.55.212.23,16,60,59,25
828,Durant,dklezmskimz,Klezmski,dklezmskimz@webmd.com,Male,95.252.24.76,52,18,87,16
829,Arlene,awaitn0,Wait,awaitn0@github.com,Female,39.145.51.155,11,89,1,95
830,Roxi,rpowelln1,Powell,rpowelln1@shutterfly.com,Female,19.156.146.55,27,73,41,8
831,Alick,akristoffersenn2,Kristoffersen,akristoffersenn2@i2i.jp,Male,47.228.129.40,30,34,72,89
832,Antin,acleatorn3,Cleator,acleatorn3@archive.org,Male,64.21.234.158,76,71,96,95
833,Alf,ablanchetn4,Blanchet,ablanchetn4@independent.co.uk,Male,193.208.143.132,95,89,34,100
834,Myrlene,mklichern5,Klicher,mklichern5@imgur.com,Female,89.87.126.34,80,92,85,25
835,Olympie,obrinkleyn6,Brinkley,obrinkleyn6@about.me,Genderqueer,138.212.5.99,44,31,86,94
836,Eleni,ewormsn7,Worms,ewormsn7@hibu.com,Female,186.27.200.239,3,52,26,83
837,Gabi,gbraden8,Brade,gbraden8@guardian.co.uk,Female,91.253.83.217,38,53,75,60
838,Sigvard,srundalln9,Rundall,srundalln9@marriott.com,Male,125.5.63.215,91,45,54,64
839,Sunshine,scalterana,Caltera,scalterana@columbia.edu,Female,98.98.1.86,46,49,2,6
840,Jerrold,jrannigannb,Rannigan,jrannigannb@clickbank.net,Male,46.233.189.207,3,30,30,43
841,Cello,cfrerenc,Frere,cfrerenc@parallels.com,Male,21.50.45.180,87,15,13,31
842,Ezekiel,epowisnd,Powis,epowisnd@yelp.com,Male,170.100.42.233,52,94,57,26
843,Carleen,costridgene,Ostridge,costridgene@gizmodo.com,Female,99.113.19.188,71,27,71,36
844,Andres,aadolfsennf,Adolfsen,aadolfsennf@samsung.com,Male,236.165.79.49,39,8,100,8
845,Roma,rdanilowiczng,Danilowicz,rdanilowiczng@parallels.com,Male,72.113.46.169,48,27,9,51
846,Maure,mnewcombenh,Newcombe,mnewcombenh@craigslist.org,Agender,114.241.234.177,86,30,52,27
847,Fania,ffarquharsonni,Farquharson,ffarquharsonni@jigsy.com,Female,59.166.230.18,48,67,15,18
848,Gerrard,gklussnj,Kluss,gklussnj@uiuc.edu,Male,225.241.165.196,48,38,48,44
849,Dominik,dgrundwaternk,Grundwater,dgrundwaternk@sohu.com,Male,186.116.97.46,17,38,63,45
850,Alair,adiplocknl,Diplock,adiplocknl@smugmug.com,Male,99.5.62.199,57,15,47,19
851,Emmy,ewoolesnm,Wooles,ewoolesnm@cnet.com,Male,51.19.241.60,27,81,45,38
852,Aurie,afarriesnn,Farries,afarriesnn@msu.edu,Female,220.155.134.244,24,59,93,71
853,Gian,gblazejewskino,Blazejewski,gblazejewskino@home.pl,Male,99.221.112.123,89,44,19,40
854,Arabel,ahaetnp,Haet,ahaetnp@nasa.gov,Female,164.206.100.244,67,100,92,44
855,Biron,bchelsomnq,Chelsom,bchelsomnq@opensource.org,Male,62.104.206.128,76,99,22,47
856,Sharona,sfilyushkinnr,Filyushkin,sfilyushkinnr@reddit.com,Female,242.2.74.176,57,51,71,64
857,Amandy,akowalns,Kowal,akowalns@lulu.com,Female,16.6.1.250,24,98,69,39
858,Stacia,sbrumhamnt,Brumham,sbrumhamnt@dyndns.org,Female,248.70.96.12,70,19,9,58
859,Nick,nvauxnu,Vaux,nvauxnu@com.com,Polygender,14.158.74.16,76,60,81,84
860,Vanya,vgimletnv,Gimlet,vgimletnv@cam.ac.uk,Male,182.166.221.97,45,77,7,47
861,Orbadiah,oblamphinnw,Blamphin,oblamphinnw@ucsd.edu,Male,110.161.41.161,38,32,57,73
862,Teena,tduredennx,Dureden,tduredennx@chicagotribune.com,Female,204.220.121.131,32,2,15,14
863,Janene,jmalleyny,Malley,jmalleyny@lulu.com,Female,187.15.160.59,99,74,100,79
864,Mahmoud,mchetwindnz,Chetwind,mchetwindnz@buzzfeed.com,Male,15.238.42.12,26,16,87,7
865,Juliet,jbernoto0,Bernot,jbernoto0@symantec.com,Female,198.80.98.48,97,41,44,15
866,Wayne,wsodoryo1,Sodory,wsodoryo1@virginia.edu,Male,0.108.112.61,13,44,52,68
867,Yoshiko,ywhymarko2,Whymark,ywhymarko2@dagondesign.com,Female,247.153.226.133,88,58,48,85
868,Web,wwindridgeo3,Windridge,wwindridgeo3@marketwatch.com,Male,85.204.240.214,85,53,66,36
869,Marlene,mreberto4,Rebert,mreberto4@list-manage.com,Female,251.115.132.67,95,6,93,78
870,Bone,bspatao5,Spata,bspatao5@miitbeian.gov.cn,Male,133.8.239.134,52,56,57,48
871,Dallon,dsenchenkoo6,Senchenko,dsenchenkoo6@aol.com,Non-binary,219.23.137.219,53,83,50,58
872,Umeko,umurrigano7,Murrigan,umurrigano7@fda.gov,Female,23.102.172.95,34,28,31,42
873,Christiano,ccarefullo8,Carefull,ccarefullo8@aboutads.info,Male,61.30.73.227,43,36,6,67
874,Viviene,vvongrollmanno9,von Grollmann,vvongrollmanno9@qq.com,Female,128.217.225.40,52,13,61,82
875,Bern,bjantetoa,Jantet,bjantetoa@fotki.com,Male,114.152.87.44,37,39,81,76
876,Lauralee,lseebrightob,Seebright,lseebrightob@phpbb.com,Female,243.151.171.63,63,55,83,19
877,Broderick,bfoyleoc,Foyle,bfoyleoc@hhs.gov,Male,97.172.233.25,14,4,23,31
878,Beltran,bducarneod,Ducarne,bducarneod@chron.com,Male,230.6.7.58,70,22,46,1
879,Karoline,kduffinoe,Duffin,kduffinoe@deviantart.com,Female,192.236.88.201,83,75,98,59
880,Rockie,rmaddernof,Maddern,rmaddernof@washington.edu,Male,226.24.107.55,51,16,88,84
881,Duke,ddilgerog,Dilger,ddilgerog@desdev.cn,Male,116.248.193.114,11,50,88,56
882,Maud,mivshinoh,Ivshin,mivshinoh@g.co,Female,81.187.15.185,15,48,77,63
883,Leonhard,lsellsoi,Sells,lsellsoi@vkontakte.ru,Polygender,14.223.198.253,20,83,36,79
884,Felice,fisakovitchoj,Isakovitch,fisakovitchoj@tripod.com,Male,47.182.0.38,4,14,88,87
885,Baxter,bbensonok,Benson,bbensonok@dot.gov,Male,38.8.23.237,91,54,71,8
886,Berne,bwillisol,Willis,bwillisol@spotify.com,Male,17.191.139.231,9,24,56,56
887,Carlyn,cferedayom,Fereday,cferedayom@mozilla.com,Female,220.24.250.162,27,10,58,27
888,Billie,baickinon,Aickin,baickinon@google.com,Male,30.201.87.239,60,39,79,50
889,Pooh,pmcgilroyoo,McGilroy,pmcgilroyoo@cloudflare.com,Female,229.195.64.25,56,83,41,15
890,Chrystel,csantosop,Santos,csantosop@princeton.edu,Female,35.195.138.149,51,89,85,9
891,Aaron,ameiklemoq,Meiklem,ameiklemoq@pen.io,Agender,57.57.169.116,23,22,26,71
892,Deina,djahnigor,Jahnig,djahnigor@geocities.com,Female,6.182.178.178,11,5,56,36
893,Arline,aevennettos,Evennett,aevennettos@technorati.com,Female,27.232.107.181,37,94,68,13
894,Colan,cmcnallyot,McNally,cmcnallyot@hexun.com,Male,123.169.241.112,64,50,72,15
895,Hiram,hesmeadou,Esmead,hesmeadou@eventbrite.com,Male,222.117.247.211,68,100,87,7
896,Brose,beastmanov,Eastman,beastmanov@baidu.com,Male,122.128.146.141,20,64,76,73
897,Winny,wmcallow,Mcall,wmcallow@privacy.gov.au,Female,65.104.78.18,57,30,98,43
898,Maria,mpanimanox,Paniman,mpanimanox@amazon.co.jp,Female,92.106.110.34,73,5,14,41
899,Madeline,msleafordoy,Sleaford,msleafordoy@springer.com,Female,77.116.194.54,13,80,20,53
900,Jeannette,jgreenhoughoz,Greenhough,jgreenhoughoz@gnu.org,Female,253.103.183.138,57,53,1,90
901,Joaquin,jpatronip0,Patroni,jpatronip0@moonfruit.com,Male,198.189.74.220,96,49,93,98
902,Faina,foldroydp1,Oldroyd,foldroydp1@deliciousdays.com,Agender,0.153.119.233,37,21,12,82
903,Courtnay,cgolbyp2,Golby,cgolbyp2@free.fr,Male,134.212.163.90,84,14,39,95
904,Marlo,mecclestonp3,Eccleston,mecclestonp3@photobucket.com,Female,187.46.13.248,30,57,74,23
905,Lincoln,lcardenasp4,Cardenas,lcardenasp4@dell.com,Non-binary,162.84.10.118,5,64,32,59
906,Harp,hbealesp5,Beales,hbealesp5@booking.com,Male,37.40.40.136,62,12,92,50
907,Melonie,mlemaryp6,Lemary,mlemaryp6@canalblog.com,Female,210.73.52.159,74,62,56,44
908,Fitzgerald,fbubbp7,Bubb,fbubbp7@bbc.co.uk,Male,118.21.220.106,1,16,50,46
909,Johanna,jcarmop8,Carmo,jcarmop8@whitehouse.gov,Female,26.171.42.87,52,11,44,97
910,Abey,amcadamp9,McAdam,amcadamp9@jalbum.net,Male,36.80.231.131,67,43,41,8
911,Remy,rbesseypa,Bessey,rbesseypa@woothemes.com,Female,96.123.248.99,21,49,55,55
912,Curran,cferrierpb,Ferrier,cferrierpb@topsy.com,Male,78.91.33.57,38,50,27,48
913,Kennie,kjoutapaitispc,Joutapaitis,kjoutapaitispc@blogs.com,Male,39.77.55.136,22,6,32,28
914,Billi,bguillepd,Guille,bguillepd@usa.gov,Female,155.1.59.160,51,21,90,76
915,Frasco,frobathonpe,Robathon,frobathonpe@vistaprint.com,Male,101.9.127.191,53,71,92,78
916,Ricky,rkeelingepf,Keelinge,rkeelingepf@ifeng.com,Female,115.59.65.95,58,43,82,49
917,Honor,helcottpg,Elcott,helcottpg@typepad.com,Female,80.48.131.35,54,31,40,64
918,Nicko,ngoganph,Gogan,ngoganph@ox.ac.uk,Male,111.218.152.236,31,54,55,6
919,Alphonse,afesbypi,Fesby,afesbypi@google.com.hk,Male,150.26.167.139,29,56,82,74
920,Devin,dlifseypj,Lifsey,dlifseypj@addtoany.com,Male,31.7.176.142,23,91,46,22
921,Johnnie,jcoskerpk,Cosker,jcoskerpk@ehow.com,Male,2.224.12.151,6,77,99,21
922,Pacorro,ptwinberrowpl,Twinberrow,ptwinberrowpl@virginia.edu,Non-binary,46.249.234.91,18,35,93,36
923,Damiano,dwabersichpm,Wabersich,dwabersichpm@ocn.ne.jp,Male,238.126.186.252,6,38,29,40
924,Vassili,vvaninipn,Vanini,vvaninipn@state.gov,Male,54.60.10.162,1,96,6,50
925,Selle,sprophetpo,Prophet,sprophetpo@soundcloud.com,Female,155.196.15.159,85,54,40,76
926,Humphrey,hshonepp,Shone,hshonepp@discovery.com,Agender,154.86.167.183,59,38,80,70
927,Giordano,gfuttypq,Futty,gfuttypq@topsy.com,Male,190.234.77.203,26,10,87,92
928,Emilia,echaundypr,Chaundy,echaundypr@wikispaces.com,Female,52.96.202.150,77,44,7,51
929,Byrom,bmaclureps,MacLure,bmaclureps@rambler.ru,Male,8.81.196.179,68,19,95,17
930,Beatrisa,bdyballpt,Dyball,bdyballpt@google.com.hk,Female,195.186.169.122,9,84,20,76
931,Eudora,ebleaspu,Bleas,ebleaspu@umich.edu,Female,177.206.152.229,60,62,72,67
932,Francene,faylwardpv,Aylward,faylwardpv@comsenz.com,Female,216.161.181.240,41,18,36,17
933,Yvor,ypellittpw,Pellitt,ypellittpw@hexun.com,Male,158.51.196.34,43,48,74,72
934,Lockwood,lvasishchevpx,Vasishchev,lvasishchevpx@newsvine.com,Male,76.27.155.158,60,87,87,78
935,Rhoda,ravesonpy,Aveson,ravesonpy@mayoclinic.com,Female,151.139.92.83,96,66,88,57
936,Emerson,eharbinpz,Harbin,eharbinpz@google.cn,Male,185.49.136.241,46,6,97,74
937,Giavani,gjepsonq0,Jepson,gjepsonq0@comsenz.com,Male,142.93.251.91,93,76,6,32
938,Zaneta,zdenricoq1,D'Enrico,zdenricoq1@xrea.com,Female,105.165.249.167,100,41,63,22
939,Lanni,lzukermanq2,Zukerman,lzukermanq2@chicagotribune.com,Female,44.107.95.168,1,84,45,2
940,Iorgos,ijakubovicsq3,Jakubovics,ijakubovicsq3@army.mil,Male,179.22.39.194,33,26,98,41
941,Marcellina,mcorbouldq4,Corbould,mcorbouldq4@ustream.tv,Female,123.253.75.212,97,43,67,87
942,Vyky,vmaginnq5,Maginn,vmaginnq5@myspace.com,Female,122.45.193.252,47,15,81,98
943,Callie,cglassmanq6,Glassman,cglassmanq6@cnbc.com,Female,129.255.255.159,43,99,97,87
944,Kerwin,kcarnoghanq7,Carnoghan,kcarnoghanq7@netscape.com,Male,19.182.137.166,9,47,32,21
945,Rick,rboxhillq8,Boxhill,rboxhillq8@opensource.org,Male,142.100.176.122,12,24,99,3
946,Easter,esambiedgeq9,Sambiedge,esambiedgeq9@twitter.com,Female,205.119.103.11,85,57,91,38
947,Burty,bjaradqa,Jarad,bjaradqa@gizmodo.com,Male,196.194.128.204,56,91,34,12
948,Sadye,sandersonqb,Anderson,sandersonqb@is.gd,Genderfluid,5.147.19.168,70,85,95,34
949,Lindsey,lbarribalqc,Barribal,lbarribalqc@webmd.com,Female,242.138.205.108,55,79,71,20
950,Augusta,agausonqd,Gauson,agausonqd@fc2.com,Female,77.79.205.115,19,54,37,95
951,Adrien,aairtonqe,Airton,aairtonqe@angelfire.com,Male,174.64.135.90,97,68,77,96
952,Cary,cnormandaleqf,Normandale,cnormandaleqf@jimdo.com,Female,54.108.206.112,46,14,48,88
953,Tye,tblickqg,Blick,tblickqg@g.co,Male,112.52.143.143,88,1,59,7
954,Mareah,mhawkeridgeqh,Hawkeridge,mhawkeridgeqh@nasa.gov,Female,59.218.61.108,5,41,26,6
955,Shana,slucioqi,Lucio,slucioqi@bloglovin.com,Female,107.156.100.202,44,12,22,6
956,Daron,dmcraveyqj,McRavey,dmcraveyqj@usnews.com,Female,18.128.232.27,85,77,25,15
957,Eleen,ebradderqk,Bradder,ebradderqk@geocities.jp,Female,180.187.188.133,32,64,63,25
958,Maurizia,mobeeql,Obee,mobeeql@amazon.com,Female,107.91.108.186,45,48,64,7
959,Chiquita,ckinsonqm,Kinson,ckinsonqm@mail.ru,Female,150.210.8.33,59,47,22,63
960,Merwyn,mbarwellqn,Barwell,mbarwellqn@360.cn,Polygender,130.149.53.106,36,83,44,52
961,Kata,kforteqo,Forte,kforteqo@accuweather.com,Female,142.28.103.254,28,27,63,43
962,Janina,jsticklandqp,Stickland,jsticklandqp@va.gov,Female,91.66.189.85,16,30,2,5
963,Ring,rforemanqq,Foreman,rforemanqq@indiegogo.com,Male,200.231.174.55,91,29,49,38
964,Christos,chaggarqr,Haggar,chaggarqr@yolasite.com,Male,30.195.50.132,72,100,56,71
965,Shayne,sphilcottqs,Philcott,sphilcottqs@usnews.com,Polygender,234.43.115.76,4,75,39,20
966,Lamont,lnylandqt,Nyland,lnylandqt@paypal.com,Male,12.10.29.133,64,27,82,87
967,Miller,mblasiakqu,Blasiak,mblasiakqu@jugem.jp,Male,0.117.179.99,67,2,57,25
968,Nikolas,nwysomeqv,Wysome,nwysomeqv@nationalgeographic.com,Male,159.248.125.76,33,94,48,27
969,Madison,mpriddyqw,Priddy,mpriddyqw@auda.org.au,Male,241.6.151.111,65,7,37,81
970,Eduardo,ebernardoqx,Bernardo,ebernardoqx@slideshare.net,Male,86.154.224.12,89,23,72,92
971,Garey,ghubqy,Hub,ghubqy@360.cn,Male,32.210.144.76,92,75,48,7
972,Dacia,dstanlockqz,Stanlock,dstanlockqz@moonfruit.com,Female,216.68.245.253,31,68,23,86
973,Geralda,gjarvisr0,Jarvis,gjarvisr0@nyu.edu,Female,180.138.34.2,28,12,90,57
974,Mauricio,mgooldr1,Goold,mgooldr1@oakley.com,Male,164.180.97.198,53,18,67,46
975,Herculie,hsharrocksr2,Sharrocks,hsharrocksr2@wikia.com,Male,94.241.134.36,86,96,44,76
976,Tomlin,tranklinr3,Ranklin,tranklinr3@craigslist.org,Male,66.40.191.249,75,86,74,70
977,Paola,pzecchinellir4,Zecchinelli,pzecchinellir4@blogspot.com,Female,89.90.202.165,63,84,28,75
978,Marget,mstiegerr5,Stieger,mstiegerr5@miitbeian.gov.cn,Genderfluid,216.56.177.104,52,33,100,29
979,Nealy,nwindressr6,Windress,nwindressr6@wsj.com,Male,162.223.12.245,60,77,27,86
980,Doralin,drapinettr7,Rapinett,drapinettr7@artisteer.com,Female,200.239.28.177,87,2,84,90
981,Izzy,iodohertyr8,O'Doherty,iodohertyr8@alibaba.com,Male,10.207.104.109,27,8,29,26
982,Joanne,jaubinr9,Aubin,jaubinr9@list-manage.com,Female,86.230.193.36,75,1,43,6
983,Marja,moatesra,Oates,moatesra@gravatar.com,Female,39.226.124.1,46,59,32,71
984,Geralda,gteazerb,Teaze,gteazerb@free.fr,Female,177.228.87.52,83,34,62,9
985,Kirstin,kflottrc,Flott,kflottrc@storify.com,Female,79.178.54.3,29,77,47,88
986,Noel,ntrevertonrd,Treverton,ntrevertonrd@php.net,Genderfluid,89.35.236.28,19,34,11,61
987,Chickie,cstranierire,Stranieri,cstranierire@digg.com,Male,45.42.82.115,79,73,48,21
988,Teressa,ttellenbrookrf,Tellenbrook,ttellenbrookrf@wikipedia.org,Female,148.238.214.0,100,61,14,65
989,Ruthy,rnealrg,Neal,rnealrg@google.pl,Female,127.171.138.113,11,62,13,40
990,Mano,mpealrh,Peal,mpealrh@aboutads.info,Male,186.193.101.225,42,27,84,32
991,Chalmers,cottori,Otto,cottori@free.fr,Male,120.15.70.97,32,25,89,100
992,Kylen,kspiersrj,Spiers,kspiersrj@hugedomains.com,Female,43.118.220.10,22,5,37,63
993,Rockie,rbernardezrk,Bernardez,rbernardezrk@cnn.com,Genderfluid,53.30.245.43,5,16,99,90
994,Julietta,jgreyesrl,Greyes,jgreyesrl@dailymail.co.uk,Female,231.74.197.87,63,16,14,4
995,Boothe,bstraunrm,Straun,bstraunrm@dion.ne.jp,Male,246.5.27.61,14,81,66,27
996,Von,vwilmotrn,Wilmot,vwilmotrn@loc.gov,Male,47.230.121.186,36,53,61,56
997,Nonnah,nrusbridgero,Rusbridge,nrusbridgero@techcrunch.com,Female,65.45.129.98,79,59,33,9
998,Michail,mtowerp,Towe,mtowerp@t-online.de,Male,151.181.3.145,45,42,40,64
999,Horatius,hribeyrq,Ribey,hribeyrq@marriott.com,Male,32.147.220.168,67,17,49,81
1000,Ivory,ichattelainerr,Chattelaine,ichattelainerr@dropbox.com,Female,65.61.211.174,82,52,80,19
